﻿<?xml version="1.0" encoding="UTF-8"?>
<MetaDataObject xmlns="http://v8.1c.ru/8.3/MDClasses" xmlns:app="http://v8.1c.ru/8.2/managed-application/core" xmlns:cfg="http://v8.1c.ru/8.1/data/enterprise/current-config" xmlns:cmi="http://v8.1c.ru/8.2/managed-application/cmi" xmlns:ent="http://v8.1c.ru/8.1/data/enterprise" xmlns:lf="http://v8.1c.ru/8.2/managed-application/logform" xmlns:style="http://v8.1c.ru/8.1/data/ui/style" xmlns:sys="http://v8.1c.ru/8.1/data/ui/fonts/system" xmlns:v8="http://v8.1c.ru/8.1/data/core" xmlns:v8ui="http://v8.1c.ru/8.1/data/ui" xmlns:web="http://v8.1c.ru/8.1/data/ui/colors/web" xmlns:win="http://v8.1c.ru/8.1/data/ui/colors/windows" xmlns:xen="http://v8.1c.ru/8.3/xcf/enums" xmlns:xpr="http://v8.1c.ru/8.3/xcf/predef" xmlns:xr="http://v8.1c.ru/8.3/xcf/readable" xmlns:xs="http://www.w3.org/2001/XMLSchema" xmlns:xsi="http://www.w3.org/2001/XMLSchema-instance" version="2.20">
	<Enum uuid="4b6ba9db-2960-4e78-9340-5a9dfb88e430">
		<InternalInfo>
			<xr:GeneratedType name="EnumRef.СостояниеТовара" category="Ref">
				<xr:TypeId>b5efcaee-df65-4b1e-8fc8-9b8ecad933f7</xr:TypeId>
				<xr:ValueId>746a97b8-fbf9-413a-9666-70497264124e</xr:ValueId>
			</xr:GeneratedType>
			<xr:GeneratedType name="EnumManager.СостояниеТовара" category="Manager">
				<xr:TypeId>83088d4e-97b8-40dc-9c1c-7b21f335479e</xr:TypeId>
				<xr:ValueId>afba9fa3-607f-45f3-9d6b-1d88a78ff994</xr:ValueId>
			</xr:GeneratedType>
			<xr:GeneratedType name="EnumList.СостояниеТовара" category="List">
				<xr:TypeId>5cbca6e9-e19d-48bf-b7f1-7976bbe68270</xr:TypeId>
				<xr:ValueId>0012f9c7-023d-41b3-9289-f52205f586c5</xr:ValueId>
			</xr:GeneratedType>
		</InternalInfo>
		<Properties>
			<Name>СостояниеТовара</Name>
			<Synonym>
				<v8:item>
					<v8:lang>ru</v8:lang>
					<v8:content>Состояние товара</v8:content>
				</v8:item>
			</Synonym>
			<Comment/>
			<UseStandardCommands>false</UseStandardCommands>
			<Characteristics/>
			<QuickChoice>true</QuickChoice>
			<ChoiceMode>BothWays</ChoiceMode>
			<DefaultListForm/>
			<DefaultChoiceForm/>
			<AuxiliaryListForm/>
			<AuxiliaryChoiceForm/>
			<ListPresentation/>
			<ExtendedListPresentation/>
			<Explanation/>
			<ChoiceHistoryOnInput>Auto</ChoiceHistoryOnInput>
		</Properties>
		<ChildObjects>
			<EnumValue uuid="d44e8492-dbcc-4a3c-973a-5a893a115193">
				<Properties>
					<Name>Новый</Name>
					<Synonym>
						<v8:item>
							<v8:lang>ru</v8:lang>
							<v8:content>Новый</v8:content>
						</v8:item>
					</Synonym>
					<Comment/>
				</Properties>
			</EnumValue>
			<EnumValue uuid="2350730b-e7d6-43a5-98ef-d28f0da82f0f">
				<Properties>
					<Name>Поддержанный</Name>
					<Synonym>
						<v8:item>
							<v8:lang>ru</v8:lang>
							<v8:content>Поддержанный</v8:content>
						</v8:item>
					</Synonym>
					<Comment/>
				</Properties>
			</EnumValue>
		</ChildObjects>
	</Enum>
</MetaDataObject>