﻿<?xml version="1.0" encoding="UTF-8"?>
<Form xmlns="http://v8.1c.ru/8.3/xcf/logform" xmlns:app="http://v8.1c.ru/8.2/managed-application/core" xmlns:cfg="http://v8.1c.ru/8.1/data/enterprise/current-config" xmlns:dcscor="http://v8.1c.ru/8.1/data-composition-system/core" xmlns:dcssch="http://v8.1c.ru/8.1/data-composition-system/schema" xmlns:dcsset="http://v8.1c.ru/8.1/data-composition-system/settings" xmlns:ent="http://v8.1c.ru/8.1/data/enterprise" xmlns:lf="http://v8.1c.ru/8.2/managed-application/logform" xmlns:style="http://v8.1c.ru/8.1/data/ui/style" xmlns:sys="http://v8.1c.ru/8.1/data/ui/fonts/system" xmlns:v8="http://v8.1c.ru/8.1/data/core" xmlns:v8ui="http://v8.1c.ru/8.1/data/ui" xmlns:web="http://v8.1c.ru/8.1/data/ui/colors/web" xmlns:win="http://v8.1c.ru/8.1/data/ui/colors/windows" xmlns:xr="http://v8.1c.ru/8.3/xcf/readable" xmlns:xs="http://www.w3.org/2001/XMLSchema" xmlns:xsi="http://www.w3.org/2001/XMLSchema-instance" version="2.20">
	<WindowOpeningMode>LockOwnerWindow</WindowOpeningMode>
	<AutoCommandBar name="ФормаКоманднаяПанель" id="-1"/>
	<ChildItems>
		<InputField name="ИмяДиректора" id="1">
			<DataPath>НаборКонстант.ИмяДиректора</DataPath>
			<EditMode>EnterOnInput</EditMode>
			<ExtendedEditMultipleValues>true</ExtendedEditMultipleValues>
			<ContextMenu name="ИмяДиректораКонтекстноеМеню" id="2"/>
			<ExtendedTooltip name="ИмяДиректораРасширеннаяПодсказка" id="3"/>
		</InputField>
		<InputField name="ГодОснования" id="4">
			<DataPath>НаборКонстант.ГодОснования</DataPath>
			<EditMode>EnterOnInput</EditMode>
			<ExtendedEditMultipleValues>true</ExtendedEditMultipleValues>
			<ContextMenu name="ГодОснованияКонтекстноеМеню" id="5"/>
			<ExtendedTooltip name="ГодОснованияРасширеннаяПодсказка" id="6"/>
		</InputField>
		<InputField name="СистемаНалообложения" id="7">
			<DataPath>НаборКонстант.СистемаНалообложения</DataPath>
			<EditMode>EnterOnInput</EditMode>
			<ExtendedEditMultipleValues>true</ExtendedEditMultipleValues>
			<ContextMenu name="СистемаНалообложенияКонтекстноеМеню" id="8"/>
			<ExtendedTooltip name="СистемаНалообложенияРасширеннаяПодсказка" id="9"/>
		</InputField>
	</ChildItems>
	<Attributes>
		<Attribute name="НаборКонстант" id="1">
			<Type>
				<v8:Type>cfg:ConstantsSet</v8:Type>
			</Type>
			<MainAttribute>true</MainAttribute>
			<SavedData>true</SavedData>
		</Attribute>
	</Attributes>
</Form>