﻿<?xml version="1.0" encoding="UTF-8"?>
<PredefinedData xmlns="http://v8.1c.ru/8.3/xcf/predef" xmlns:v8="http://v8.1c.ru/8.1/data/core" xmlns:xr="http://v8.1c.ru/8.3/xcf/readable" xmlns:xs="http://www.w3.org/2001/XMLSchema" xmlns:xsi="http://www.w3.org/2001/XMLSchema-instance" xsi:type="PlanOfCharacteristicKindPredefinedItems" version="2.20">
	<Item id="4d323ac8-d026-4cf9-afc5-fbbbd904346c">
		<Name>ХарактеристикиФизЛиц</Name>
		<Code>000000010</Code>
		<Description>Характеристики физ лиц</Description>
		<Type/>
		<IsFolder>true</IsFolder>
		<ChildItems>
			<Item id="f4c10e82-59f6-4499-812a-53608f158fef">
				<Name>Email</Name>
				<Code>000000002</Code>
				<Description>Email</Description>
				<Type>
					<v8:Type>xs:string</v8:Type>
					<v8:StringQualifiers>
						<v8:Length>50</v8:Length>
						<v8:AllowedLength>Variable</v8:AllowedLength>
					</v8:StringQualifiers>
				</Type>
				<IsFolder>false</IsFolder>
			</Item>
			<Item id="64022fc4-451d-4179-bec9-dafd22121f5f">
				<Name>VK</Name>
				<Code>000000004</Code>
				<Description>VK</Description>
				<Type>
					<v8:Type>xs:string</v8:Type>
					<v8:StringQualifiers>
						<v8:Length>50</v8:Length>
						<v8:AllowedLength>Variable</v8:AllowedLength>
					</v8:StringQualifiers>
				</Type>
				<IsFolder>false</IsFolder>
			</Item>
			<Item id="39503c3d-11b4-43ec-9169-cff60b586eb7">
				<Name>ПочтаДомашняя</Name>
				<Code>000000003</Code>
				<Description>Почта домашняя</Description>
				<Type>
					<v8:Type>xs:string</v8:Type>
					<v8:StringQualifiers>
						<v8:Length>50</v8:Length>
						<v8:AllowedLength>Variable</v8:AllowedLength>
					</v8:StringQualifiers>
				</Type>
				<IsFolder>false</IsFolder>
			</Item>
			<Item id="27880d76-918d-4da0-9923-e97256eeabf6">
				<Name>Телеграм</Name>
				<Code>000000005</Code>
				<Description>Телеграм</Description>
				<Type>
					<v8:Type>xs:string</v8:Type>
					<v8:StringQualifiers>
						<v8:Length>50</v8:Length>
						<v8:AllowedLength>Variable</v8:AllowedLength>
					</v8:StringQualifiers>
				</Type>
				<IsFolder>false</IsFolder>
			</Item>
			<Item id="b9e6292d-5446-4fca-881d-fb491ffa303d">
				<Name>Телефон</Name>
				<Code>000000001</Code>
				<Description>Телефон</Description>
				<Type>
					<v8:Type>xs:string</v8:Type>
					<v8:Type>xs:decimal</v8:Type>
					<v8:NumberQualifiers>
						<v8:Digits>30</v8:Digits>
						<v8:FractionDigits>0</v8:FractionDigits>
						<v8:AllowedSign>Any</v8:AllowedSign>
					</v8:NumberQualifiers>
					<v8:StringQualifiers>
						<v8:Length>50</v8:Length>
						<v8:AllowedLength>Variable</v8:AllowedLength>
					</v8:StringQualifiers>
				</Type>
				<IsFolder>false</IsFolder>
			</Item>
		</ChildItems>
	</Item>
	<Item id="50994c3f-4a6b-42b2-acbc-04e6ee241998">
		<Name>ХарактеристикиЮрЛиц</Name>
		<Code>000000009</Code>
		<Description>Характеристики юр лиц</Description>
		<Type/>
		<IsFolder>true</IsFolder>
		<ChildItems>
			<Item id="9350d7bb-59ef-4775-8a80-243b630d7b59">
				<Name>АдресСайта</Name>
				<Code>000000012</Code>
				<Description>Адрес сайта</Description>
				<Type>
					<v8:Type>xs:string</v8:Type>
					<v8:StringQualifiers>
						<v8:Length>50</v8:Length>
						<v8:AllowedLength>Variable</v8:AllowedLength>
					</v8:StringQualifiers>
				</Type>
				<IsFolder>false</IsFolder>
			</Item>
			<Item id="fb90363b-43d8-452f-a233-42ae82318858">
				<Name>КорпоративнаяПочта</Name>
				<Code>000000013</Code>
				<Description>Корпоративная почта</Description>
				<Type>
					<v8:Type>xs:string</v8:Type>
					<v8:StringQualifiers>
						<v8:Length>50</v8:Length>
						<v8:AllowedLength>Variable</v8:AllowedLength>
					</v8:StringQualifiers>
				</Type>
				<IsFolder>false</IsFolder>
			</Item>
			<Item id="8e6f2378-20ed-47d3-90b3-405b6f336abc">
				<Name>ТелефонПриемной</Name>
				<Code>000000011</Code>
				<Description>Телефон приемной</Description>
				<Type>
					<v8:Type>xs:string</v8:Type>
					<v8:Type>xs:decimal</v8:Type>
					<v8:NumberQualifiers>
						<v8:Digits>30</v8:Digits>
						<v8:FractionDigits>0</v8:FractionDigits>
						<v8:AllowedSign>Any</v8:AllowedSign>
					</v8:NumberQualifiers>
					<v8:StringQualifiers>
						<v8:Length>50</v8:Length>
						<v8:AllowedLength>Variable</v8:AllowedLength>
					</v8:StringQualifiers>
				</Type>
				<IsFolder>false</IsFolder>
			</Item>
			<Item id="bbec9613-1513-47fa-9654-a4fa60f08b16">
				<Name>ЮридическийАдрес</Name>
				<Code>000000014</Code>
				<Description>Юридический адрес</Description>
				<Type>
					<v8:Type>xs:string</v8:Type>
					<v8:StringQualifiers>
						<v8:Length>50</v8:Length>
						<v8:AllowedLength>Variable</v8:AllowedLength>
					</v8:StringQualifiers>
				</Type>
				<IsFolder>false</IsFolder>
			</Item>
		</ChildItems>
	</Item>
</PredefinedData>