﻿<?xml version="1.0" encoding="UTF-8"?>
<MetaDataObject xmlns="http://v8.1c.ru/8.3/MDClasses" xmlns:app="http://v8.1c.ru/8.2/managed-application/core" xmlns:cfg="http://v8.1c.ru/8.1/data/enterprise/current-config" xmlns:cmi="http://v8.1c.ru/8.2/managed-application/cmi" xmlns:ent="http://v8.1c.ru/8.1/data/enterprise" xmlns:lf="http://v8.1c.ru/8.2/managed-application/logform" xmlns:style="http://v8.1c.ru/8.1/data/ui/style" xmlns:sys="http://v8.1c.ru/8.1/data/ui/fonts/system" xmlns:v8="http://v8.1c.ru/8.1/data/core" xmlns:v8ui="http://v8.1c.ru/8.1/data/ui" xmlns:web="http://v8.1c.ru/8.1/data/ui/colors/web" xmlns:win="http://v8.1c.ru/8.1/data/ui/colors/windows" xmlns:xen="http://v8.1c.ru/8.3/xcf/enums" xmlns:xpr="http://v8.1c.ru/8.3/xcf/predef" xmlns:xr="http://v8.1c.ru/8.3/xcf/readable" xmlns:xs="http://www.w3.org/2001/XMLSchema" xmlns:xsi="http://www.w3.org/2001/XMLSchema-instance" version="2.20">
	<DocumentJournal uuid="50b407a9-a0d9-4a30-8441-3d63a9a423cf">
		<InternalInfo>
			<xr:GeneratedType name="DocumentJournalSelection.ДоговараКуплиПродажи" category="Selection">
				<xr:TypeId>865885c8-47c0-4c11-b214-b8398f13438a</xr:TypeId>
				<xr:ValueId>749067ce-b889-4fc4-bbba-56daae8c3d73</xr:ValueId>
			</xr:GeneratedType>
			<xr:GeneratedType name="DocumentJournalList.ДоговараКуплиПродажи" category="List">
				<xr:TypeId>9e739d11-2715-47f9-a475-60e2a5db970c</xr:TypeId>
				<xr:ValueId>ae2c27ca-ae57-48d1-b4ee-d3bb7bf1f22f</xr:ValueId>
			</xr:GeneratedType>
			<xr:GeneratedType name="DocumentJournalManager.ДоговараКуплиПродажи" category="Manager">
				<xr:TypeId>75c756c3-b477-4a32-b4e7-e0b64672e484</xr:TypeId>
				<xr:ValueId>d51a1d74-c286-4ba1-b822-11f6e6814283</xr:ValueId>
			</xr:GeneratedType>
		</InternalInfo>
		<Properties>
			<Name>ДоговараКуплиПродажи</Name>
			<Synonym>
				<v8:item>
					<v8:lang>ru</v8:lang>
					<v8:content>Договара купли продажи</v8:content>
				</v8:item>
			</Synonym>
			<Comment/>
			<DefaultForm/>
			<AuxiliaryForm/>
			<UseStandardCommands>true</UseStandardCommands>
			<RegisteredDocuments>
				<xr:Item xsi:type="xr:MDObjectRef">Document.ЗакупкаТовара</xr:Item>
				<xr:Item xsi:type="xr:MDObjectRef">Document.ПродажаТовара</xr:Item>
			</RegisteredDocuments>
			<IncludeHelpInContents>false</IncludeHelpInContents>
			<ListPresentation/>
			<ExtendedListPresentation/>
			<Explanation/>
		</Properties>
		<ChildObjects>
			<Column uuid="39f16794-e6a2-4881-8bc4-99a6e3862b3f">
				<Properties>
					<Name>Контрагенты</Name>
					<Synonym>
						<v8:item>
							<v8:lang>ru</v8:lang>
							<v8:content>Контрагенты</v8:content>
						</v8:item>
					</Synonym>
					<Comment/>
					<Indexing>DontIndex</Indexing>
					<References>
						<xr:Item xsi:type="xr:MDObjectRef">Document.ЗакупкаТовара.Attribute.Поставщик</xr:Item>
						<xr:Item xsi:type="xr:MDObjectRef">Document.ПродажаТовара.Attribute.Покупатель</xr:Item>
					</References>
				</Properties>
			</Column>
			<Column uuid="15b83315-659e-4bf8-97e4-7252e3882201">
				<Properties>
					<Name>Склад</Name>
					<Synonym>
						<v8:item>
							<v8:lang>ru</v8:lang>
							<v8:content>Склад</v8:content>
						</v8:item>
					</Synonym>
					<Comment/>
					<Indexing>DontIndex</Indexing>
					<References>
						<xr:Item xsi:type="xr:MDObjectRef">Document.ЗакупкаТовара.Attribute.Склад</xr:Item>
						<xr:Item xsi:type="xr:MDObjectRef">Document.ПродажаТовара.Attribute.Склад</xr:Item>
					</References>
				</Properties>
			</Column>
			<Column uuid="22e5eb7c-c738-425c-b2c0-26c826cc8b6b">
				<Properties>
					<Name>СтоимостьДоговора</Name>
					<Synonym>
						<v8:item>
							<v8:lang>ru</v8:lang>
							<v8:content>Стоимость договора</v8:content>
						</v8:item>
					</Synonym>
					<Comment/>
					<Indexing>DontIndex</Indexing>
					<References>
						<xr:Item xsi:type="xr:MDObjectRef">Document.ЗакупкаТовара.Attribute.ИтогоСтоимость</xr:Item>
						<xr:Item xsi:type="xr:MDObjectRef">Document.ПродажаТовара.Attribute.ИтогоСтоимость</xr:Item>
					</References>
				</Properties>
			</Column>
		</ChildObjects>
	</DocumentJournal>
</MetaDataObject>