﻿<?xml version="1.0" encoding="UTF-8"?>
<MetaDataObject xmlns="http://v8.1c.ru/8.3/MDClasses" xmlns:app="http://v8.1c.ru/8.2/managed-application/core" xmlns:cfg="http://v8.1c.ru/8.1/data/enterprise/current-config" xmlns:cmi="http://v8.1c.ru/8.2/managed-application/cmi" xmlns:ent="http://v8.1c.ru/8.1/data/enterprise" xmlns:lf="http://v8.1c.ru/8.2/managed-application/logform" xmlns:style="http://v8.1c.ru/8.1/data/ui/style" xmlns:sys="http://v8.1c.ru/8.1/data/ui/fonts/system" xmlns:v8="http://v8.1c.ru/8.1/data/core" xmlns:v8ui="http://v8.1c.ru/8.1/data/ui" xmlns:web="http://v8.1c.ru/8.1/data/ui/colors/web" xmlns:win="http://v8.1c.ru/8.1/data/ui/colors/windows" xmlns:xen="http://v8.1c.ru/8.3/xcf/enums" xmlns:xpr="http://v8.1c.ru/8.3/xcf/predef" xmlns:xr="http://v8.1c.ru/8.3/xcf/readable" xmlns:xs="http://www.w3.org/2001/XMLSchema" xmlns:xsi="http://www.w3.org/2001/XMLSchema-instance" version="2.20">
	<ChartOfCharacteristicTypes uuid="d9769714-1d08-4c5d-a2e8-5b86f9eb51e0">
		<InternalInfo>
			<xr:GeneratedType name="ChartOfCharacteristicTypesObject.ВидХарактеристикиДопИнформация" category="Object">
				<xr:TypeId>0def59cd-1f01-4508-b12d-51c77200238a</xr:TypeId>
				<xr:ValueId>565391ec-f198-4798-a0fe-6a3ab904f3b9</xr:ValueId>
			</xr:GeneratedType>
			<xr:GeneratedType name="ChartOfCharacteristicTypesRef.ВидХарактеристикиДопИнформация" category="Ref">
				<xr:TypeId>76577006-1d2d-409a-98a8-81efe7410134</xr:TypeId>
				<xr:ValueId>267854a9-0df3-4672-a5f1-f8b73f83844a</xr:ValueId>
			</xr:GeneratedType>
			<xr:GeneratedType name="ChartOfCharacteristicTypesSelection.ВидХарактеристикиДопИнформация" category="Selection">
				<xr:TypeId>05c78dba-3867-4d49-b5a6-832b4abfd4bc</xr:TypeId>
				<xr:ValueId>df921ac7-90c1-4b77-a592-61f94f2e303b</xr:ValueId>
			</xr:GeneratedType>
			<xr:GeneratedType name="ChartOfCharacteristicTypesList.ВидХарактеристикиДопИнформация" category="List">
				<xr:TypeId>7e0994bf-9d15-463a-847a-a2d24264d2b3</xr:TypeId>
				<xr:ValueId>667726d9-0815-44f1-8626-54d09a9afbb6</xr:ValueId>
			</xr:GeneratedType>
			<xr:GeneratedType name="Characteristic.ВидХарактеристикиДопИнформация" category="Characteristic">
				<xr:TypeId>2c5260b6-e5a3-405e-925e-eb11536c92bf</xr:TypeId>
				<xr:ValueId>b00afed0-d086-4471-960d-83a3c707146f</xr:ValueId>
			</xr:GeneratedType>
			<xr:GeneratedType name="ChartOfCharacteristicTypesManager.ВидХарактеристикиДопИнформация" category="Manager">
				<xr:TypeId>a11d1666-82fa-4928-8317-7c9ac939e818</xr:TypeId>
				<xr:ValueId>39e1ac8b-d43c-44cc-8157-b86bb4539fad</xr:ValueId>
			</xr:GeneratedType>
		</InternalInfo>
		<Properties>
			<Name>ВидХарактеристикиДопИнформация</Name>
			<Synonym>
				<v8:item>
					<v8:lang>ru</v8:lang>
					<v8:content>Вид характеристики "Доп информация"</v8:content>
				</v8:item>
			</Synonym>
			<Comment/>
			<UseStandardCommands>true</UseStandardCommands>
			<IncludeHelpInContents>false</IncludeHelpInContents>
			<CharacteristicExtValues/>
			<Type>
				<v8:Type>xs:boolean</v8:Type>
				<v8:Type>cfg:CatalogRef.ЗначенияДопИнформация</v8:Type>
				<v8:Type>xs:string</v8:Type>
				<v8:Type>xs:dateTime</v8:Type>
				<v8:Type>xs:decimal</v8:Type>
				<v8:NumberQualifiers>
					<v8:Digits>20</v8:Digits>
					<v8:FractionDigits>0</v8:FractionDigits>
					<v8:AllowedSign>Any</v8:AllowedSign>
				</v8:NumberQualifiers>
				<v8:StringQualifiers>
					<v8:Length>100</v8:Length>
					<v8:AllowedLength>Variable</v8:AllowedLength>
				</v8:StringQualifiers>
				<v8:DateQualifiers>
					<v8:DateFractions>Date</v8:DateFractions>
				</v8:DateQualifiers>
			</Type>
			<Hierarchical>true</Hierarchical>
			<FoldersOnTop>true</FoldersOnTop>
			<CodeLength>9</CodeLength>
			<CodeAllowedLength>Variable</CodeAllowedLength>
			<DescriptionLength>25</DescriptionLength>
			<CodeSeries>WholeCharacteristicKind</CodeSeries>
			<CheckUnique>true</CheckUnique>
			<Autonumbering>true</Autonumbering>
			<DefaultPresentation>AsDescription</DefaultPresentation>
			<Characteristics/>
			<PredefinedDataUpdate>Auto</PredefinedDataUpdate>
			<EditType>InDialog</EditType>
			<QuickChoice>false</QuickChoice>
			<ChoiceMode>BothWays</ChoiceMode>
			<InputByString>
				<xr:Field>ChartOfCharacteristicTypes.ВидХарактеристикиДопИнформация.StandardAttribute.Description</xr:Field>
				<xr:Field>ChartOfCharacteristicTypes.ВидХарактеристикиДопИнформация.StandardAttribute.Code</xr:Field>
			</InputByString>
			<CreateOnInput>DontUse</CreateOnInput>
			<SearchStringModeOnInputByString>Begin</SearchStringModeOnInputByString>
			<ChoiceDataGetModeOnInputByString>Directly</ChoiceDataGetModeOnInputByString>
			<FullTextSearchOnInputByString>DontUse</FullTextSearchOnInputByString>
			<ChoiceHistoryOnInput>Auto</ChoiceHistoryOnInput>
			<DefaultObjectForm/>
			<DefaultFolderForm/>
			<DefaultListForm/>
			<DefaultChoiceForm/>
			<DefaultFolderChoiceForm/>
			<AuxiliaryObjectForm/>
			<AuxiliaryFolderForm/>
			<AuxiliaryListForm/>
			<AuxiliaryChoiceForm/>
			<AuxiliaryFolderChoiceForm/>
			<BasedOn/>
			<DataLockFields/>
			<DataLockControlMode>Managed</DataLockControlMode>
			<FullTextSearch>Use</FullTextSearch>
			<ObjectPresentation>
				<v8:item>
					<v8:lang>ru</v8:lang>
					<v8:content>ПВХ "Доп информация"</v8:content>
				</v8:item>
			</ObjectPresentation>
			<ExtendedObjectPresentation>
				<v8:item>
					<v8:lang>ru</v8:lang>
					<v8:content>ПВХ "Доп информация"</v8:content>
				</v8:item>
			</ExtendedObjectPresentation>
			<ListPresentation>
				<v8:item>
					<v8:lang>ru</v8:lang>
					<v8:content>ПВХ "Доп информация"</v8:content>
				</v8:item>
			</ListPresentation>
			<ExtendedListPresentation>
				<v8:item>
					<v8:lang>ru</v8:lang>
					<v8:content>ПВХ "Доп информация"</v8:content>
				</v8:item>
			</ExtendedListPresentation>
			<Explanation/>
			<DataHistory>DontUse</DataHistory>
			<UpdateDataHistoryImmediatelyAfterWrite>false</UpdateDataHistoryImmediatelyAfterWrite>
			<ExecuteAfterWriteDataHistoryVersionProcessing>false</ExecuteAfterWriteDataHistoryVersionProcessing>
		</Properties>
		<ChildObjects/>
	</ChartOfCharacteristicTypes>
</MetaDataObject>