﻿<?xml version="1.0" encoding="UTF-8"?>
<MetaDataObject xmlns="http://v8.1c.ru/8.3/MDClasses" xmlns:app="http://v8.1c.ru/8.2/managed-application/core" xmlns:cfg="http://v8.1c.ru/8.1/data/enterprise/current-config" xmlns:cmi="http://v8.1c.ru/8.2/managed-application/cmi" xmlns:ent="http://v8.1c.ru/8.1/data/enterprise" xmlns:lf="http://v8.1c.ru/8.2/managed-application/logform" xmlns:style="http://v8.1c.ru/8.1/data/ui/style" xmlns:sys="http://v8.1c.ru/8.1/data/ui/fonts/system" xmlns:v8="http://v8.1c.ru/8.1/data/core" xmlns:v8ui="http://v8.1c.ru/8.1/data/ui" xmlns:web="http://v8.1c.ru/8.1/data/ui/colors/web" xmlns:win="http://v8.1c.ru/8.1/data/ui/colors/windows" xmlns:xen="http://v8.1c.ru/8.3/xcf/enums" xmlns:xpr="http://v8.1c.ru/8.3/xcf/predef" xmlns:xr="http://v8.1c.ru/8.3/xcf/readable" xmlns:xs="http://www.w3.org/2001/XMLSchema" xmlns:xsi="http://www.w3.org/2001/XMLSchema-instance" version="2.20">
	<Subsystem uuid="9991b230-fd29-402f-bbac-d002fca8f747">
		<Properties>
			<Name>ОбучениеПрограммированию</Name>
			<Synonym>
				<v8:item>
					<v8:lang>ru</v8:lang>
					<v8:content>Обучение программированию</v8:content>
				</v8:item>
			</Synonym>
			<Comment/>
			<IncludeHelpInContents>true</IncludeHelpInContents>
			<IncludeInCommandInterface>true</IncludeInCommandInterface>
			<UseOneCommand>false</UseOneCommand>
			<Explanation/>
			<Picture>
				<xr:Ref>CommonPicture.ПрограммированиеКартинка</xr:Ref>
				<xr:LoadTransparent>true</xr:LoadTransparent>
			</Picture>
			<Content>
				<xr:Item xsi:type="xr:MDObjectRef">DataProcessor.Переменные</xr:Item>
				<xr:Item xsi:type="xr:MDObjectRef">Constant.ИмяДиректора</xr:Item>
				<xr:Item xsi:type="xr:MDObjectRef">Constant.ДатаЗакрытияМесяца</xr:Item>
				<xr:Item xsi:type="xr:MDObjectRef">Constant.ГодОснования</xr:Item>
				<xr:Item xsi:type="xr:MDObjectRef">DataProcessor.Объекты</xr:Item>
				<xr:Item xsi:type="xr:MDObjectRef">Enum.СистемаНалообложения</xr:Item>
				<xr:Item xsi:type="xr:MDObjectRef">Constant.СистемаНалообложения</xr:Item>
				<xr:Item xsi:type="xr:MDObjectRef">Enum.ИмяДиректора</xr:Item>
				<xr:Item xsi:type="xr:MDObjectRef">CommonForm.ФормаКонстант</xr:Item>
				<xr:Item xsi:type="xr:MDObjectRef">Catalog.Персонал</xr:Item>
				<xr:Item xsi:type="xr:MDObjectRef">Catalog.ЮрЛица</xr:Item>
				<xr:Item xsi:type="xr:MDObjectRef">Catalog.ОргСтруктураСИерархЭлементы</xr:Item>
				<xr:Item xsi:type="xr:MDObjectRef">Catalog.ТрудовыеДоговора</xr:Item>
				<xr:Item xsi:type="xr:MDObjectRef">ChartOfCharacteristicTypes.ВидХарактеристикиКонтактнаяИнформация</xr:Item>
				<xr:Item xsi:type="xr:MDObjectRef">Catalog.ЗначенияКонтактнойИнформации</xr:Item>
			</Content>
		</Properties>
		<ChildObjects/>
	</Subsystem>
</MetaDataObject>