﻿<?xml version="1.0" encoding="UTF-8"?>
<Rights xmlns="http://v8.1c.ru/8.2/roles" xmlns:xs="http://www.w3.org/2001/XMLSchema" xmlns:xsi="http://www.w3.org/2001/XMLSchema-instance" xsi:type="Rights" version="2.20">
	<setForNewObjects>true</setForNewObjects>
	<setForAttributesByDefault>true</setForAttributesByDefault>
	<independentRightsOfChildObjects>false</independentRightsOfChildObjects>
	<object>
		<name>Catalog.Персонал</name>
		<right>
			<name>InteractiveDeletePredefinedData</name>
			<value>false</value>
		</right>
	</object>
</Rights>