﻿<?xml version="1.0" encoding="UTF-8"?>
<MetaDataObject xmlns="http://v8.1c.ru/8.3/MDClasses" xmlns:app="http://v8.1c.ru/8.2/managed-application/core" xmlns:cfg="http://v8.1c.ru/8.1/data/enterprise/current-config" xmlns:cmi="http://v8.1c.ru/8.2/managed-application/cmi" xmlns:ent="http://v8.1c.ru/8.1/data/enterprise" xmlns:lf="http://v8.1c.ru/8.2/managed-application/logform" xmlns:style="http://v8.1c.ru/8.1/data/ui/style" xmlns:sys="http://v8.1c.ru/8.1/data/ui/fonts/system" xmlns:v8="http://v8.1c.ru/8.1/data/core" xmlns:v8ui="http://v8.1c.ru/8.1/data/ui" xmlns:web="http://v8.1c.ru/8.1/data/ui/colors/web" xmlns:win="http://v8.1c.ru/8.1/data/ui/colors/windows" xmlns:xen="http://v8.1c.ru/8.3/xcf/enums" xmlns:xpr="http://v8.1c.ru/8.3/xcf/predef" xmlns:xr="http://v8.1c.ru/8.3/xcf/readable" xmlns:xs="http://www.w3.org/2001/XMLSchema" xmlns:xsi="http://www.w3.org/2001/XMLSchema-instance" version="2.20">
	<ChartOfCharacteristicTypes uuid="9fbc81b8-f0d3-4de2-b31b-bdd17aa32baa">
		<InternalInfo>
			<xr:GeneratedType name="ChartOfCharacteristicTypesObject.ВидХарактеристикиНоменклатуры" category="Object">
				<xr:TypeId>8674b9ef-a800-4c13-bf25-4c0722a36c13</xr:TypeId>
				<xr:ValueId>b7736432-15f6-4ae8-86e8-3d4ea65a7949</xr:ValueId>
			</xr:GeneratedType>
			<xr:GeneratedType name="ChartOfCharacteristicTypesRef.ВидХарактеристикиНоменклатуры" category="Ref">
				<xr:TypeId>30322ef7-130a-42f1-a53d-a22eb5cc4aa1</xr:TypeId>
				<xr:ValueId>ade6a26b-559b-4816-bdd1-0d4ba5ee160a</xr:ValueId>
			</xr:GeneratedType>
			<xr:GeneratedType name="ChartOfCharacteristicTypesSelection.ВидХарактеристикиНоменклатуры" category="Selection">
				<xr:TypeId>c9ba5f3a-8434-4337-ab83-23c5793b0961</xr:TypeId>
				<xr:ValueId>94e88169-bcd2-4210-8a26-1b6ffa4e00a0</xr:ValueId>
			</xr:GeneratedType>
			<xr:GeneratedType name="ChartOfCharacteristicTypesList.ВидХарактеристикиНоменклатуры" category="List">
				<xr:TypeId>5fc44725-63b6-4ff9-b2e5-e1f7d8f32bcf</xr:TypeId>
				<xr:ValueId>a2453c27-ead7-4c28-a9d2-e2b59348aeb5</xr:ValueId>
			</xr:GeneratedType>
			<xr:GeneratedType name="Characteristic.ВидХарактеристикиНоменклатуры" category="Characteristic">
				<xr:TypeId>5d42cf45-00d0-4f34-ad79-7a379be6ceff</xr:TypeId>
				<xr:ValueId>00e654e3-08bc-418b-bae9-623c300490dc</xr:ValueId>
			</xr:GeneratedType>
			<xr:GeneratedType name="ChartOfCharacteristicTypesManager.ВидХарактеристикиНоменклатуры" category="Manager">
				<xr:TypeId>e6f8a9ec-18a6-4f79-bb9f-74b58fc2afbd</xr:TypeId>
				<xr:ValueId>3dc16d97-22d9-4ba0-85f8-3584bd4f1ffa</xr:ValueId>
			</xr:GeneratedType>
		</InternalInfo>
		<Properties>
			<Name>ВидХарактеристикиНоменклатуры</Name>
			<Synonym>
				<v8:item>
					<v8:lang>ru</v8:lang>
					<v8:content>Вид характеристики номенклатуры</v8:content>
				</v8:item>
			</Synonym>
			<Comment/>
			<UseStandardCommands>true</UseStandardCommands>
			<IncludeHelpInContents>false</IncludeHelpInContents>
			<CharacteristicExtValues/>
			<Type>
				<v8:Type>cfg:CatalogRef.ЗначенияХарактеристикиНоменклатуры</v8:Type>
			</Type>
			<Hierarchical>false</Hierarchical>
			<FoldersOnTop>true</FoldersOnTop>
			<CodeLength>9</CodeLength>
			<CodeAllowedLength>Variable</CodeAllowedLength>
			<DescriptionLength>25</DescriptionLength>
			<CodeSeries>WholeCharacteristicKind</CodeSeries>
			<CheckUnique>true</CheckUnique>
			<Autonumbering>true</Autonumbering>
			<DefaultPresentation>AsDescription</DefaultPresentation>
			<Characteristics/>
			<PredefinedDataUpdate>Auto</PredefinedDataUpdate>
			<EditType>InDialog</EditType>
			<QuickChoice>false</QuickChoice>
			<ChoiceMode>BothWays</ChoiceMode>
			<InputByString>
				<xr:Field>ChartOfCharacteristicTypes.ВидХарактеристикиНоменклатуры.StandardAttribute.Description</xr:Field>
				<xr:Field>ChartOfCharacteristicTypes.ВидХарактеристикиНоменклатуры.StandardAttribute.Code</xr:Field>
			</InputByString>
			<CreateOnInput>DontUse</CreateOnInput>
			<SearchStringModeOnInputByString>Begin</SearchStringModeOnInputByString>
			<ChoiceDataGetModeOnInputByString>Directly</ChoiceDataGetModeOnInputByString>
			<FullTextSearchOnInputByString>DontUse</FullTextSearchOnInputByString>
			<ChoiceHistoryOnInput>Auto</ChoiceHistoryOnInput>
			<DefaultObjectForm/>
			<DefaultFolderForm/>
			<DefaultListForm/>
			<DefaultChoiceForm/>
			<DefaultFolderChoiceForm/>
			<AuxiliaryObjectForm/>
			<AuxiliaryFolderForm/>
			<AuxiliaryListForm/>
			<AuxiliaryChoiceForm/>
			<AuxiliaryFolderChoiceForm/>
			<BasedOn/>
			<DataLockFields/>
			<DataLockControlMode>Managed</DataLockControlMode>
			<FullTextSearch>Use</FullTextSearch>
			<ObjectPresentation/>
			<ExtendedObjectPresentation/>
			<ListPresentation/>
			<ExtendedListPresentation/>
			<Explanation/>
			<DataHistory>DontUse</DataHistory>
			<UpdateDataHistoryImmediatelyAfterWrite>false</UpdateDataHistoryImmediatelyAfterWrite>
			<ExecuteAfterWriteDataHistoryVersionProcessing>false</ExecuteAfterWriteDataHistoryVersionProcessing>
		</Properties>
		<ChildObjects/>
	</ChartOfCharacteristicTypes>
</MetaDataObject>