﻿<?xml version="1.0" encoding="UTF-8"?>
<MetaDataObject xmlns="http://v8.1c.ru/8.3/MDClasses" xmlns:app="http://v8.1c.ru/8.2/managed-application/core" xmlns:cfg="http://v8.1c.ru/8.1/data/enterprise/current-config" xmlns:cmi="http://v8.1c.ru/8.2/managed-application/cmi" xmlns:ent="http://v8.1c.ru/8.1/data/enterprise" xmlns:lf="http://v8.1c.ru/8.2/managed-application/logform" xmlns:style="http://v8.1c.ru/8.1/data/ui/style" xmlns:sys="http://v8.1c.ru/8.1/data/ui/fonts/system" xmlns:v8="http://v8.1c.ru/8.1/data/core" xmlns:v8ui="http://v8.1c.ru/8.1/data/ui" xmlns:web="http://v8.1c.ru/8.1/data/ui/colors/web" xmlns:win="http://v8.1c.ru/8.1/data/ui/colors/windows" xmlns:xen="http://v8.1c.ru/8.3/xcf/enums" xmlns:xpr="http://v8.1c.ru/8.3/xcf/predef" xmlns:xr="http://v8.1c.ru/8.3/xcf/readable" xmlns:xs="http://www.w3.org/2001/XMLSchema" xmlns:xsi="http://www.w3.org/2001/XMLSchema-instance" version="2.20">
	<DocumentJournal uuid="ecab0b91-4cf5-4ea1-abfb-524f7f94b0e1">
		<InternalInfo>
			<xr:GeneratedType name="DocumentJournalSelection.КассовыеДокументы" category="Selection">
				<xr:TypeId>7b7e126f-2a34-4f27-9db9-a17a9eb2637e</xr:TypeId>
				<xr:ValueId>01b25bc5-836f-4e95-928f-5c1225399d38</xr:ValueId>
			</xr:GeneratedType>
			<xr:GeneratedType name="DocumentJournalList.КассовыеДокументы" category="List">
				<xr:TypeId>6fecc4d9-4404-41e6-bb43-e56280b39ff4</xr:TypeId>
				<xr:ValueId>3c249650-d5f1-460d-a12f-3b1973823792</xr:ValueId>
			</xr:GeneratedType>
			<xr:GeneratedType name="DocumentJournalManager.КассовыеДокументы" category="Manager">
				<xr:TypeId>83691d2d-1e41-4d6e-8020-14f9b808f60a</xr:TypeId>
				<xr:ValueId>e513cea5-4cce-419f-a0fe-e6d408ac0234</xr:ValueId>
			</xr:GeneratedType>
		</InternalInfo>
		<Properties>
			<Name>КассовыеДокументы</Name>
			<Synonym>
				<v8:item>
					<v8:lang>ru</v8:lang>
					<v8:content>Кассовые документы</v8:content>
				</v8:item>
			</Synonym>
			<Comment/>
			<DefaultForm/>
			<AuxiliaryForm/>
			<UseStandardCommands>true</UseStandardCommands>
			<RegisteredDocuments>
				<xr:Item xsi:type="xr:MDObjectRef">Document.ОплатаЧерезКассу</xr:Item>
				<xr:Item xsi:type="xr:MDObjectRef">Document.ПоступлениеВКассу</xr:Item>
			</RegisteredDocuments>
			<IncludeHelpInContents>false</IncludeHelpInContents>
			<ListPresentation/>
			<ExtendedListPresentation/>
			<Explanation/>
		</Properties>
		<ChildObjects>
			<Column uuid="2ca34d7c-bcf5-447a-b4a0-a4ce38134645">
				<Properties>
					<Name>Контрагент</Name>
					<Synonym>
						<v8:item>
							<v8:lang>ru</v8:lang>
							<v8:content>Контрагент</v8:content>
						</v8:item>
					</Synonym>
					<Comment/>
					<Indexing>DontIndex</Indexing>
					<References>
						<xr:Item xsi:type="xr:MDObjectRef">Document.ОплатаЧерезКассу.Attribute.Контрагент</xr:Item>
						<xr:Item xsi:type="xr:MDObjectRef">Document.ПоступлениеВКассу.Attribute.Контрагент</xr:Item>
					</References>
				</Properties>
			</Column>
			<Column uuid="85a2fe33-fa55-4815-bcc8-cbed8f48f80f">
				<Properties>
					<Name>Сумма</Name>
					<Synonym>
						<v8:item>
							<v8:lang>ru</v8:lang>
							<v8:content>Сумма</v8:content>
						</v8:item>
					</Synonym>
					<Comment/>
					<Indexing>DontIndex</Indexing>
					<References>
						<xr:Item xsi:type="xr:MDObjectRef">Document.ОплатаЧерезКассу.Attribute.Сумма</xr:Item>
						<xr:Item xsi:type="xr:MDObjectRef">Document.ПоступлениеВКассу.Attribute.Сумма</xr:Item>
					</References>
				</Properties>
			</Column>
		</ChildObjects>
	</DocumentJournal>
</MetaDataObject>