﻿<?xml version="1.0" encoding="UTF-8"?>
<ConfigDumpInfo xmlns="http://v8.1c.ru/8.3/xcf/dumpinfo" xmlns:xen="http://v8.1c.ru/8.3/xcf/enums" xmlns:xs="http://www.w3.org/2001/XMLSchema" xmlns:xsi="http://www.w3.org/2001/XMLSchema-instance" format="Hierarchical" version="2.20">
	<ConfigVersions>
		<Metadata name="AccumulationRegister.ОбъемыЗакупок" id="0d1996aa-699c-4edc-aaca-e75dfe1e969f" configVersion="f1c198c57da0054f88f5188d8b2b2c4c00000000">
			<Metadata name="AccumulationRegister.ОбъемыЗакупок.Resource.Количество" id="6335789e-b324-4817-99ce-4fc12878ef6e"/>
			<Metadata name="AccumulationRegister.ОбъемыЗакупок.Resource.Стоимость" id="9d058023-faff-4ad3-b25e-2db15c3d4301"/>
			<Metadata name="AccumulationRegister.ОбъемыЗакупок.Dimension.Номенклатура" id="dbce4b93-fb13-463c-a851-f48dec168e28"/>
			<Metadata name="AccumulationRegister.ОбъемыЗакупок.Dimension.Склад" id="f03bb004-da46-44d6-83b9-fd4efc5cfb49"/>
		</Metadata>
		<Metadata name="AccumulationRegister.ТоварыНаСкладах" id="0489effb-f42d-4f94-ba2b-98a8cd034e3f" configVersion="acbfe7b2298eea41b8d958cddaada11500000000">
			<Metadata name="AccumulationRegister.ТоварыНаСкладах.Dimension.Склады" id="bd06b95e-a8e7-4b4a-85b6-f5b3337d7866"/>
			<Metadata name="AccumulationRegister.ТоварыНаСкладах.Dimension.Номенклатура" id="c1d4b585-a035-4efd-9c3d-02db87bf4fc1"/>
			<Metadata name="AccumulationRegister.ТоварыНаСкладах.Resource.Количество" id="fb18f1a2-f4b5-46c2-a6f5-db7c526b2ce0"/>
		</Metadata>
		<Metadata name="Catalog.Валюты" id="d1d65f49-7dfb-4c48-93e2-72d9b58a67b2" configVersion="ac1470368c5e2345a7b1f73a92a7f71800000000"/>
		<Metadata name="Catalog.Валюты.Predefined" id="d1d65f49-7dfb-4c48-93e2-72d9b58a67b2.1c" configVersion="95e7057c58a2b74b9b85acd1f655ce8e00000000"/>
		<Metadata name="Catalog.ЗначенияХарактеристикиНоменклатуры" id="221eaf40-10e3-4d4e-af9e-714d769d513f" configVersion="68f51bb9d3134247a0eda8160009b6c000000000"/>
		<Metadata name="Catalog.Контрагенты" id="14507d49-3bb1-4b39-bee8-f5234cd26c19" configVersion="935cb851f6bf2b45a575c00366bcc61200000000">
			<Metadata name="Catalog.Контрагенты.Attribute.ИНН" id="0b3711ff-6ed6-44a5-9951-3e3446b5e524"/>
			<Metadata name="Catalog.Контрагенты.Attribute.ДатаРегистрации" id="bfec5580-37b5-486b-87b7-7455c7386c90"/>
		</Metadata>
		<Metadata name="Catalog.Контрагенты.Form.ФормаЭлемента" id="fd2513d7-1fb5-44af-901c-f28a8140bcc1" configVersion="cf877913792c2146959fa158800acdd200000000"/>
		<Metadata name="Catalog.Контрагенты.Form.ФормаЭлемента.Form" id="fd2513d7-1fb5-44af-901c-f28a8140bcc1.0" configVersion="349cbfa5fa74d443be6fc6f5469c82cc00000000"/>
		<Metadata name="Catalog.Контрагенты.Predefined" id="14507d49-3bb1-4b39-bee8-f5234cd26c19.1c" configVersion="927a9f621c64604eb575d5f352bea91d00000000"/>
		<Metadata name="Catalog.Номенклатура" id="8cb5b7c7-5abc-40c4-a436-39def25df4f4" configVersion="d2500c995a3b62409602beb402eea37f00000000">
			<Metadata name="Catalog.Номенклатура.Attribute.Склад" id="105621a1-7bf9-440f-be41-e7b3378e999e"/>
			<Metadata name="Catalog.Номенклатура.Attribute.ЦенаПродажи" id="ae129031-002e-48be-b01f-c7abd02ed60b"/>
			<Metadata name="Catalog.Номенклатура.Attribute.ЦенаЗакупочная" id="fc845696-dfe9-4752-a91a-ee4cd21f3504"/>
		</Metadata>
		<Metadata name="Catalog.Номенклатура.Form.ФормаЭлемента" id="87fabe3c-6a29-499a-9f73-fd73533cd053" configVersion="27542fb2345e1347869417ff7eea327000000000"/>
		<Metadata name="Catalog.Номенклатура.Form.ФормаЭлемента.Form" id="87fabe3c-6a29-499a-9f73-fd73533cd053.0" configVersion="8b456d76f985d041859c548a3b12332c00000000"/>
		<Metadata name="Catalog.Номенклатура.ObjectModule" id="8cb5b7c7-5abc-40c4-a436-39def25df4f4.0" configVersion="841a22e3e5b1ee408ee761655c75587d00000000"/>
		<Metadata name="Catalog.ОргСтруктураСИерархЭлементы" id="336f6647-4b1a-4eea-af93-259371e85cbe" configVersion="63ffb0ea7d5f554c849c73dc3a78ba3c00000000"/>
		<Metadata name="Catalog.Персонал" id="d79b052d-c504-4888-b03c-35c5b884a09d" configVersion="d1975bdd2c55334a96b0717d369c722d00000000">
			<Metadata name="Catalog.Персонал.TabularSection.ДопИнформация" id="075ac1d8-5702-4e4b-90eb-8d40edaf832e"/>
			<Metadata name="Catalog.Персонал.TabularSection.ДопИнформация.Attribute.СерияНомерПапорта" id="17f72df7-a840-4fd3-9c5d-6f00d5880f16"/>
			<Metadata name="Catalog.Персонал.TabularSection.Образование.Attribute.ВУЗ" id="187d10d7-650c-47c8-9380-cfb041be0c32"/>
			<Metadata name="Catalog.Персонал.TabularSection.КонтактнаяИнформация" id="2e9313b8-282a-475b-97a3-d39c3057d639"/>
			<Metadata name="Catalog.Персонал.TabularSection.ДопИнформация.Attribute.ИНН" id="375b7936-d52b-4fae-9250-a4c1c27dac28"/>
			<Metadata name="Catalog.Персонал.TabularSection.Образование.Attribute.ГодОкончания" id="4be6d11b-78e5-4416-a8ca-22a54002172b"/>
			<Metadata name="Catalog.Персонал.TabularSection.ДопИнформация.Attribute.Пароль" id="523ff066-16f4-4b54-b86f-c4be82a3b749"/>
			<Metadata name="Catalog.Персонал.TabularSection.Образование" id="5faaed3c-eede-4bd9-841f-76c09486a9fa"/>
			<Metadata name="Catalog.Персонал.TabularSection.КонтактнаяИнформация.Attribute.СпособСвязи" id="6b658440-e991-4b4a-ab19-67d81e2ab1eb"/>
			<Metadata name="Catalog.Персонал.Attribute.ТипПерсонала" id="960a85bc-5eef-438f-9a04-62fc1a69d42d"/>
			<Metadata name="Catalog.Персонал.TabularSection.ДопИнформация.Attribute.ДатаРождения" id="a2f2e101-a272-402f-9837-4744a5432ef7"/>
			<Metadata name="Catalog.Персонал.TabularSection.ДопИнформация.Attribute.Возраст" id="dd63a2ea-8971-414a-983e-809308421485"/>
			<Metadata name="Catalog.Персонал.TabularSection.Образование.Attribute.Специальность" id="de274d80-2063-4efa-8093-11daef0ce5e6"/>
			<Metadata name="Catalog.Персонал.Attribute.Должность" id="ed9f1590-e33f-4bb2-896a-a2a9fc2285ed"/>
			<Metadata name="Catalog.Персонал.TabularSection.КонтактнаяИнформация.Attribute.Значение" id="f18d8b58-9aeb-4a06-9711-1fa1981a8e74"/>
		</Metadata>
		<Metadata name="Catalog.Персонал.ManagerModule" id="d79b052d-c504-4888-b03c-35c5b884a09d.3" configVersion="5412f8c544332a45b363a14374598ff400000000"/>
		<Metadata name="Catalog.Персонал.Predefined" id="d79b052d-c504-4888-b03c-35c5b884a09d.1c" configVersion="19bfe0ad67ccdf4aa8b4d9a174e2180400000000"/>
		<Metadata name="Catalog.Склады" id="829ebadb-eafe-4ef0-b186-278816940cf5" configVersion="8eee6849244a4543affa1bbc1686cccd00000000">
			<Metadata name="Catalog.Склады.Attribute.Адрес" id="40c7a434-5b3d-4b41-8d81-69f1a94d746e"/>
		</Metadata>
		<Metadata name="Catalog.Склады.Form.ФормаЭлемента" id="f4d2cdbe-de14-4772-a4ec-530a3bf8aa1d" configVersion="fd93b9c7f4b02a46aa9f57f8e1656c5e00000000"/>
		<Metadata name="Catalog.Склады.Form.ФормаЭлемента.Form" id="f4d2cdbe-de14-4772-a4ec-530a3bf8aa1d.0" configVersion="b27fdd7cb3bd5d439dbeae5a26bed92200000000"/>
		<Metadata name="Catalog.ТрудовыеДоговора" id="d9f80e38-c69d-46cc-b15f-9e3be737e4fb" configVersion="977abfff82768e44a403ad3375803b2900000000">
			<Metadata name="Catalog.ТрудовыеДоговора.Attribute.Дата" id="18105190-3861-43f4-8d4a-ebf04d16f654"/>
			<Metadata name="Catalog.ТрудовыеДоговора.Attribute.Номер" id="a31d9a6d-d460-46aa-94fb-6baa96ef6591"/>
		</Metadata>
		<Metadata name="Catalog.ХарактеристикиНоменклатуры" id="a7112c6a-9713-4a63-b074-1a30ced34661" configVersion="bb9e84301b84a3409271e4dc1799946600000000"/>
		<Metadata name="Catalog.ЮрЛица" id="566f3362-ef6f-459a-8078-857be08ac09d" configVersion="64cf457cdc6cf3439ada26eef4fa879f00000000">
			<Metadata name="Catalog.ЮрЛица.Attribute.ГодОснования" id="099a6357-49b4-4a5d-8c41-0a354fa3750b"/>
			<Metadata name="Catalog.ЮрЛица.TabularSection.Руководство.Attribute.Тип" id="6159f1de-5839-4084-8ea3-ce115abc3e0e"/>
			<Metadata name="Catalog.ЮрЛица.Attribute.ИНН" id="65e06c57-8e78-4559-8280-b4c87d146b5f"/>
			<Metadata name="Catalog.ЮрЛица.TabularSection.Руководство.Attribute.Директор" id="ba1bc132-fa2d-4661-98df-4ea87e3c0fb4"/>
			<Metadata name="Catalog.ЮрЛица.Attribute.ЮридичекийАдрес" id="d5fbc6ab-eef6-4c00-ac0d-3d2cdee2c546"/>
			<Metadata name="Catalog.ЮрЛица.TabularSection.Руководство.Attribute.ГлБухгалтер" id="e99e7459-51da-45d9-a625-41df1bd22610"/>
			<Metadata name="Catalog.ЮрЛица.TabularSection.Руководство" id="f4dea7be-775c-4677-8d1a-ea84aa292f23"/>
		</Metadata>
		<Metadata name="ChartOfCharacteristicTypes.ВидХарактеристикиНоменклатуры" id="9fbc81b8-f0d3-4de2-b31b-bdd17aa32baa" configVersion="c5b56109f2465341b0b2694c0cecf7f500000000"/>
		<Metadata name="CommonForm.ФормаКонстант" id="20d311a6-c56a-4422-92de-7116525780c2" configVersion="4ff2713ad6ae9c4b89f4193e1174241e00000000"/>
		<Metadata name="CommonForm.ФормаКонстант.Form" id="20d311a6-c56a-4422-92de-7116525780c2.0" configVersion="7f09039b67390c418d74b3207a5b6dee00000000"/>
		<Metadata name="CommonModule.ГлобальныеФункции" id="03bd66d4-7e80-4971-bd44-3a64cf5e00ef" configVersion="00b3c8aa3a335c40bb38e45bbd541ceb00000000"/>
		<Metadata name="CommonModule.ГлобальныеФункции.Module" id="03bd66d4-7e80-4971-bd44-3a64cf5e00ef.0" configVersion="446a3929d0112643ba7e35bd0300ae8b00000000"/>
		<Metadata name="CommonPicture.ЗакупкиКартинка" id="bb642e08-739b-4219-9005-4fc3851e02cd" configVersion="e137aaabe3a9b648a7767e61db397af900000000"/>
		<Metadata name="CommonPicture.ЗакупкиКартинка.Picture" id="bb642e08-739b-4219-9005-4fc3851e02cd.0" configVersion="3384a53e85c3e740bef44fc0ba6a8e2100000000"/>
		<Metadata name="CommonPicture.КазначествоКартинка" id="c22dd58d-bc62-4c1a-be0b-351df468df62" configVersion="bda0c202a550764f9e0965e4388c2cd200000000"/>
		<Metadata name="CommonPicture.КазначествоКартинка.Picture" id="c22dd58d-bc62-4c1a-be0b-351df468df62.0" configVersion="19555e6c3eab524e9eb034e2594cc31400000000"/>
		<Metadata name="CommonPicture.НСИКартинка" id="2860cdb7-4fbb-4e8b-83ac-0e84ac847e50" configVersion="912f0da4e1b742409ea240c606eba2a600000000"/>
		<Metadata name="CommonPicture.НСИКартинка.Picture" id="2860cdb7-4fbb-4e8b-83ac-0e84ac847e50.0" configVersion="23b25bc5fce62a46a64814b974a3cdb200000000"/>
		<Metadata name="CommonPicture.ПрограммированиеКартинка" id="c40b941d-5909-4065-ab9f-3a79375f5aac" configVersion="58d4901755bd98429938f1e7cd6b8c6400000000"/>
		<Metadata name="CommonPicture.ПрограммированиеКартинка.Picture" id="c40b941d-5909-4065-ab9f-3a79375f5aac.0" configVersion="e803ef952c9b3b4389ac80a6d4bc6c5800000000"/>
		<Metadata name="CommonPicture.ПродажиКартинка" id="b195ce14-e5dd-4f66-9fc9-ac58e3142afc" configVersion="fef453fcbd43654d9cb8ccda8bb4a70900000000"/>
		<Metadata name="CommonPicture.ПродажиКартинка.Picture" id="b195ce14-e5dd-4f66-9fc9-ac58e3142afc.0" configVersion="eb04269424e6bf4d9b3f177856437a2b00000000"/>
		<Metadata name="Configuration.АвтоматизацияДеятельности" id="f07b60e1-df70-4759-9849-965576ac1e26" configVersion="6adc0261389b6742bd144607815650d700000000"/>
		<Metadata name="Configuration.АвтоматизацияДеятельности.CommandInterface" id="ad1682eb-1923-444b-9311-8fd7deaf08ff.a" configVersion="29f2679db26dd34482e2ac3e5b41b30c00000000"/>
		<Metadata name="Configuration.АвтоматизацияДеятельности.Logo" id="ad1682eb-1923-444b-9311-8fd7deaf08ff.1" configVersion="2bee2f92fbcfbd4fad322e3b7f41fcec00000000"/>
		<Metadata name="Configuration.АвтоматизацияДеятельности.ManagedApplicationModule" id="ad1682eb-1923-444b-9311-8fd7deaf08ff.6" configVersion="88d773d94481824d8d68dc5f22a626fe00000000"/>
		<Metadata name="Constant.ГодОснования" id="b988c2e7-98c1-4aa9-bb08-6f1feb08b7d5" configVersion="b9b8107f69b801418f7ff05666b1539400000000"/>
		<Metadata name="Constant.ДатаЗакрытияМесяца" id="8668172a-4147-423e-8fea-e69ca5a88c1b" configVersion="c6fb1236b0e355449ce8bd4495ba056c00000000"/>
		<Metadata name="Constant.ИмяДиректора" id="c6182625-e458-46f6-82e2-49893ae8e634" configVersion="133c5707055bbc4693d8708c64fe9e0100000000"/>
		<Metadata name="Constant.НесколькоСкладов" id="c09e7ba1-9be2-4398-8531-b56635dfdaa1" configVersion="285e491d2e1793439bf58fc135a7187900000000"/>
		<Metadata name="Constant.СистемаНалообложения" id="9ed02568-2401-42f7-be20-ee8263c45ddb" configVersion="47e3fa976cfbb840891f9262a2b839af00000000"/>
		<Metadata name="DataProcessor.Объекты" id="c11761e2-1210-4295-a569-4b0729e5f61c" configVersion="d761acebcd73bd4eb0093698f38d942c00000000"/>
		<Metadata name="DataProcessor.Объекты.Form.Форма" id="734e039a-70d6-4ea5-9226-bad7a3bf7282" configVersion="2243c0778aaaf44a9d7b79384f56494f00000000"/>
		<Metadata name="DataProcessor.Объекты.Form.Форма.Form" id="734e039a-70d6-4ea5-9226-bad7a3bf7282.0" configVersion="574bf183b1d6314991c329ebbf90bebe00000000"/>
		<Metadata name="DataProcessor.Переменные" id="b7e50fbd-69f6-44b9-bc63-5d8653c1d866" configVersion="bbcdebdb11ff0944b44d99f8002e9ad500000000"/>
		<Metadata name="DataProcessor.Переменные.Form.Форма" id="2385aa67-c621-4daa-95c4-1ad6dfef6a08" configVersion="f08adec15ac5e6428a08330b63d10e0c00000000"/>
		<Metadata name="DataProcessor.Переменные.Form.Форма.Form" id="2385aa67-c621-4daa-95c4-1ad6dfef6a08.0" configVersion="3303a5fb0d4abd49bb6a2e2412ae9ece00000000"/>
		<Metadata name="Document.ЗакупкаТовара" id="40735d96-f7ae-4937-9e52-478eba77b99a" configVersion="25d744c8bcad82479381628c1a80551e00000000">
			<Metadata name="Document.ЗакупкаТовара.Attribute.ИтогоСтоимость" id="34133b15-08c9-4900-9246-01850a274957"/>
			<Metadata name="Document.ЗакупкаТовара.Attribute.Поставщик" id="3a6d57b5-3364-4d3e-93c1-e50d5a8d077f"/>
			<Metadata name="Document.ЗакупкаТовара.TabularSection.Товары" id="45186404-888e-4faf-8187-526b8af204ee"/>
			<Metadata name="Document.ЗакупкаТовара.TabularSection.Товары.Attribute.Номенклатура" id="603dcb6d-a3d4-4e0d-a85a-2c078f2dd748"/>
			<Metadata name="Document.ЗакупкаТовара.TabularSection.Товары.Attribute.Количество" id="7aeaad74-5468-4065-80d3-52f11aa7d514"/>
			<Metadata name="Document.ЗакупкаТовара.TabularSection.Товары.Attribute.Стоимость" id="a6c40de8-48a6-4ef4-9113-1786002e1dbc"/>
			<Metadata name="Document.ЗакупкаТовара.Attribute.Склад" id="c5428d81-030f-4ed9-a608-faf26692afaf"/>
			<Metadata name="Document.ЗакупкаТовара.TabularSection.Товары.Attribute.ЦенаПоступления" id="d4a3662f-1a78-47ea-bf8f-316333ae73a6"/>
		</Metadata>
		<Metadata name="Document.ЗакупкаТовара.Form.ФормаДокумента" id="64916c90-e268-42b0-8daa-2e574d49c4bc" configVersion="9a0a674fe06d3e4aa8a6e3920df03ee900000000"/>
		<Metadata name="Document.ЗакупкаТовара.Form.ФормаДокумента.Form" id="64916c90-e268-42b0-8daa-2e574d49c4bc.0" configVersion="0c745aa168e5ba449eb13646c635459c00000000"/>
		<Metadata name="Document.ЗакупкаТовара.ObjectModule" id="40735d96-f7ae-4937-9e52-478eba77b99a.0" configVersion="81288e7e1b1c15499b7d384611d1ef4500000000"/>
		<Metadata name="Document.ОплатаЧерезКассу" id="2be204c0-43bd-4e6f-88b7-616d98801645" configVersion="f85beeed50a13b46ae240ab2917c5a3500000000">
			<Metadata name="Document.ОплатаЧерезКассу.Attribute.Закупка" id="1365173e-c2e7-4bdb-9daf-50423afa0f39"/>
			<Metadata name="Document.ОплатаЧерезКассу.Attribute.Сумма" id="a1d7f1a3-b3ec-4200-8eaf-2d36d3ba7d7f"/>
			<Metadata name="Document.ОплатаЧерезКассу.Attribute.Контрагент" id="d0e8b799-0535-4c35-be2c-6946f63d177d"/>
		</Metadata>
		<Metadata name="Document.ОплатаЧерезКассу.ObjectModule" id="2be204c0-43bd-4e6f-88b7-616d98801645.0" configVersion="b19624b8229db84ab6d2404187e486aa00000000"/>
		<Metadata name="Document.ОтгрузкаТовара" id="0e0d1356-f33d-4b2a-ab36-5bad31284172" configVersion="c48514bf7702cd4e956bff2f627055b800000000">
			<Metadata name="Document.ОтгрузкаТовара.TabularSection.Товары" id="0255b0de-bcfa-488b-a340-a87edbd1f973"/>
			<Metadata name="Document.ОтгрузкаТовара.Attribute.Покупатель" id="1a49ce21-abf5-4d41-9597-eaf9327a60c6"/>
			<Metadata name="Document.ОтгрузкаТовара.TabularSection.Товары.Attribute.Стоимость" id="3cab2898-b210-4c38-873e-d83f88536f64"/>
			<Metadata name="Document.ОтгрузкаТовара.Attribute.Продажа" id="3dc88e76-6073-4446-a52c-b995e3ae9daf"/>
			<Metadata name="Document.ОтгрузкаТовара.TabularSection.Товары.Attribute.Количество" id="58b6abd6-f086-4bcd-8650-9c30124059e2"/>
			<Metadata name="Document.ОтгрузкаТовара.TabularSection.Товары.Attribute.ЦенаПродажи" id="92e5b029-a07e-4e1a-8109-a395fbf043c4"/>
			<Metadata name="Document.ОтгрузкаТовара.Attribute.Склад" id="b0f6fdcb-99c2-4643-bb90-cf187322e7d1"/>
			<Metadata name="Document.ОтгрузкаТовара.TabularSection.Товары.Attribute.Номенклатура" id="e37e8ea5-5931-4c28-94b7-3e9a9c6dc831"/>
			<Metadata name="Document.ОтгрузкаТовара.TabularSection.Товары.Attribute.Характеристика" id="f73856fc-372e-4c4c-9d97-50da04e106c4"/>
		</Metadata>
		<Metadata name="Document.ОтгрузкаТовара.Form.ФормаДокумента" id="efe1c3af-9e6c-49f2-aa21-9139cffd90a9" configVersion="408d8c9320f6484093353fa0a1e98b5d00000000"/>
		<Metadata name="Document.ОтгрузкаТовара.Form.ФормаДокумента.Form" id="efe1c3af-9e6c-49f2-aa21-9139cffd90a9.0" configVersion="3fb89c7c248ac44dab1448a1d75a46bc00000000"/>
		<Metadata name="Document.ОтгрузкаТовара.Help" id="0e0d1356-f33d-4b2a-ab36-5bad31284172.1" configVersion="cd877a026bb9664390ed8506d45a017000000000"/>
		<Metadata name="Document.ОтгрузкаТовара.ManagerModule" id="0e0d1356-f33d-4b2a-ab36-5bad31284172.2" configVersion="0d631a231780704ba47dbd7c6efe71b800000000"/>
		<Metadata name="Document.ОтгрузкаТовара.ObjectModule" id="0e0d1356-f33d-4b2a-ab36-5bad31284172.0" configVersion="332028c61c5d5441a931592b36b29ff600000000"/>
		<Metadata name="Document.ПоступлениеВКассу" id="0bd03b68-bb4f-4dd1-a582-d3bad25a5baf" configVersion="7bcaadf448feed4abc6baee06da44bff00000000">
			<Metadata name="Document.ПоступлениеВКассу.Attribute.Продажа" id="42585366-b087-481d-a8ad-04c2742b1c26"/>
			<Metadata name="Document.ПоступлениеВКассу.Attribute.Сумма" id="aa317700-11bf-474d-bf52-879ad23796ff"/>
			<Metadata name="Document.ПоступлениеВКассу.Attribute.Контрагент" id="b5356562-dbf4-46af-b60b-a9fe2492a766"/>
		</Metadata>
		<Metadata name="Document.ПоступлениеВКассу.Form.ФормаДокумента" id="78a28b75-beee-4527-ad1b-e43a6d514675" configVersion="7e3be3433554bd459710753e9a1b15e600000000"/>
		<Metadata name="Document.ПоступлениеВКассу.Form.ФормаДокумента.Form" id="78a28b75-beee-4527-ad1b-e43a6d514675.0" configVersion="8634e9814706dd42804f3adbd4141c4f00000000"/>
		<Metadata name="Document.ПоступлениеВКассу.Help" id="0bd03b68-bb4f-4dd1-a582-d3bad25a5baf.1" configVersion="1e2f408c17387c498c57d41cfdb34f2400000000"/>
		<Metadata name="Document.ПоступлениеВКассу.ManagerModule" id="0bd03b68-bb4f-4dd1-a582-d3bad25a5baf.2" configVersion="7a7203c9fa80514e8ad11c92cfe9646900000000"/>
		<Metadata name="Document.ПоступлениеВКассу.ObjectModule" id="0bd03b68-bb4f-4dd1-a582-d3bad25a5baf.0" configVersion="9678f98eaa85034b90326596395ccf9100000000"/>
		<Metadata name="Document.ПриёмкаТовара" id="f13c9111-83ed-4fa3-b33d-0779706ba6b7" configVersion="398a09f3a0bd4e4caba446150b14a78300000000">
			<Metadata name="Document.ПриёмкаТовара.Attribute.Закупка" id="162a878e-f159-4005-9ce7-ab986dba651d"/>
			<Metadata name="Document.ПриёмкаТовара.TabularSection.Товары.Attribute.Номенклатура" id="48b1905f-47cb-48e3-964d-e5a1f913934a"/>
			<Metadata name="Document.ПриёмкаТовара.Attribute.Поставщик" id="6317abbc-c1ea-4248-a43c-e3d1fc87d3f6"/>
			<Metadata name="Document.ПриёмкаТовара.TabularSection.Товары.Attribute.ЦенаПоступления" id="6e131709-a3eb-44de-80b5-9d85bad4150b"/>
			<Metadata name="Document.ПриёмкаТовара.TabularSection.Товары.Attribute.Стоимость" id="94eca4e4-3eb2-43ce-820d-126514976d4e"/>
			<Metadata name="Document.ПриёмкаТовара.TabularSection.Товары" id="97cff5ad-d9ea-4f71-9b4b-08472d1b0d49"/>
			<Metadata name="Document.ПриёмкаТовара.TabularSection.Товары.Attribute.Характеристика" id="a130e81c-c8ca-4682-96f1-76f80e266d7d"/>
			<Metadata name="Document.ПриёмкаТовара.Attribute.Склад" id="ccb77454-6342-4c4d-8e1f-15dcd623f66f"/>
			<Metadata name="Document.ПриёмкаТовара.TabularSection.Товары.Attribute.Количество" id="e30c4709-f457-411c-9850-8cccba81d455"/>
		</Metadata>
		<Metadata name="Document.ПриёмкаТовара.Form.ФормаДокумента" id="a76bb7dd-d036-4720-a9ea-c0155387edf3" configVersion="9c190467580fb74686e8fa45d992948e00000000"/>
		<Metadata name="Document.ПриёмкаТовара.Form.ФормаДокумента.Form" id="a76bb7dd-d036-4720-a9ea-c0155387edf3.0" configVersion="ef2481c3b7f5a34f859c0149cb33d0ff00000000"/>
		<Metadata name="Document.ПриёмкаТовара.ObjectModule" id="f13c9111-83ed-4fa3-b33d-0779706ba6b7.0" configVersion="4d48a03d8c1bdf42a0d1382083cb479c00000000"/>
		<Metadata name="Document.ПродажаТовара" id="d19a89ea-4c79-419d-8ed5-c73dea8d01f1" configVersion="d8b67fc91deb99448ee84403a99766cd00000000">
			<Metadata name="Document.ПродажаТовара.TabularSection.Товары.Attribute.Номенклатура" id="0107b444-2f56-47d9-a4c1-6449462a8d72"/>
			<Metadata name="Document.ПродажаТовара.TabularSection.Товары.Attribute.Количество" id="412cdc9c-6c27-4688-bf0f-877a38dcedcd"/>
			<Metadata name="Document.ПродажаТовара.Attribute.ИтогоСтоимость" id="48515f4a-4fdf-49a1-8a06-b775bcef1c2c"/>
			<Metadata name="Document.ПродажаТовара.Attribute.Покупатель" id="5dcb3604-732c-4e6a-a47c-3eb767591a23"/>
			<Metadata name="Document.ПродажаТовара.Attribute.Склад" id="a5750f80-fbcf-4523-a03c-b1bcb0f37d05"/>
			<Metadata name="Document.ПродажаТовара.TabularSection.Товары.Attribute.СтоимостьБезСкидки" id="b9783426-e4f0-4e71-b6a4-91781e8ee2f6"/>
			<Metadata name="Document.ПродажаТовара.TabularSection.Товары" id="c6fe9689-a568-4048-8830-955fd7b0edfa"/>
			<Metadata name="Document.ПродажаТовара.TabularSection.Товары.Attribute.Скидка" id="ce806961-40a4-4422-9ce5-996a95343c64"/>
			<Metadata name="Document.ПродажаТовара.TabularSection.Товары.Attribute.Стоимость" id="ec2c765d-4244-4352-9bb4-850fe620745f"/>
			<Metadata name="Document.ПродажаТовара.TabularSection.Товары.Attribute.ЦенаПродажи" id="fe53bdc0-4da3-4218-903a-9e52327d3884"/>
		</Metadata>
		<Metadata name="Document.ПродажаТовара.Form.ФормаДокумента" id="3cb83d12-a6ef-45e4-90a5-1f9a51fc29e3" configVersion="7cb2f83bbfa72c4b84fb0b707d03abb300000000"/>
		<Metadata name="Document.ПродажаТовара.Form.ФормаДокумента.Form" id="3cb83d12-a6ef-45e4-90a5-1f9a51fc29e3.0" configVersion="7342210867abb54ea40a3b420b56979c00000000"/>
		<Metadata name="Document.ПродажаТовара.Form.ФормаДокумента.Help" id="3cb83d12-a6ef-45e4-90a5-1f9a51fc29e3.1" configVersion="980c37176e9d3d40bcab94a3abe53e3a00000000"/>
		<Metadata name="Document.ПродажаТовара.Help" id="d19a89ea-4c79-419d-8ed5-c73dea8d01f1.1" configVersion="543ae57822a07b4c9f78f9f1fab41a6f00000000"/>
		<Metadata name="Document.ПродажаТовара.ManagerModule" id="d19a89ea-4c79-419d-8ed5-c73dea8d01f1.2" configVersion="f38581d3e808094ab878da5d168e2e6b00000000"/>
		<Metadata name="Document.ПродажаТовара.ObjectModule" id="d19a89ea-4c79-419d-8ed5-c73dea8d01f1.0" configVersion="626988a241957d49a3fde9143879295000000000"/>
		<Metadata name="Document.УстановкаКурсовВалют" id="394760a2-d28b-4975-a392-25c43edfa917" configVersion="fc90d28e98c0bd49945c18e7e209a99a00000000">
			<Metadata name="Document.УстановкаКурсовВалют.TabularSection.КурсыВалют" id="13950d0d-97aa-40e8-9bd6-03c72b85b821"/>
			<Metadata name="Document.УстановкаКурсовВалют.TabularSection.КурсыВалют.Attribute.Курс" id="4feb7b3a-e300-46f3-b1ac-6413102026ac"/>
			<Metadata name="Document.УстановкаКурсовВалют.TabularSection.КурсыВалют.Attribute.Валюта" id="856ce1a8-8f4f-42f1-ab6e-08b421b92af8"/>
		</Metadata>
		<Metadata name="Document.УстановкаКурсовВалют.ObjectModule" id="394760a2-d28b-4975-a392-25c43edfa917.0" configVersion="e319b1cf4b716442b3faa33da6654edc00000000"/>
		<Metadata name="Document.УстановкаЦен" id="be72f633-5a08-47ea-9656-e495b9dc1e22" configVersion="532e8481faa80a4bb724820afcd3c3bc00000000">
			<Metadata name="Document.УстановкаЦен.TabularSection.Цены.Attribute.Номенклатура" id="51e559c9-4d60-4df5-b47b-14aaff08b0e0"/>
			<Metadata name="Document.УстановкаЦен.TabularSection.Цены" id="535f8521-984d-4366-82fd-2bd6242faf75"/>
			<Metadata name="Document.УстановкаЦен.Attribute.ВидЦены" id="f3f57898-28f0-4f6b-8cb1-2f9339f12be8"/>
			<Metadata name="Document.УстановкаЦен.TabularSection.Цены.Attribute.Цена" id="f4760587-e87c-4738-9eb8-3ea5621e1dea"/>
		</Metadata>
		<Metadata name="Document.УстановкаЦен.Form.ФормаДокумента" id="d5029f20-9847-427d-9f9a-ef2ae6a1c18b" configVersion="e4e52d13f5c8db46a8954cc26e8393a800000000"/>
		<Metadata name="Document.УстановкаЦен.Form.ФормаДокумента.Form" id="d5029f20-9847-427d-9f9a-ef2ae6a1c18b.0" configVersion="5534e68fb50b0742a32ca3decb024db500000000"/>
		<Metadata name="Document.УстановкаЦен.ObjectModule" id="be72f633-5a08-47ea-9656-e495b9dc1e22.0" configVersion="94749fe158438a4f939f116f95a9ee9c00000000"/>
		<Metadata name="DocumentJournal.ДоговараКуплиПродажи" id="50b407a9-a0d9-4a30-8441-3d63a9a423cf" configVersion="82030f287c2c5843bc7e759abb7ca7d900000000">
			<Metadata name="DocumentJournal.ДоговараКуплиПродажи.Column.Склад" id="15b83315-659e-4bf8-97e4-7252e3882201"/>
			<Metadata name="DocumentJournal.ДоговараКуплиПродажи.Column.СтоимостьДоговора" id="22e5eb7c-c738-425c-b2c0-26c826cc8b6b"/>
			<Metadata name="DocumentJournal.ДоговараКуплиПродажи.Column.Контрагенты" id="39f16794-e6a2-4881-8bc4-99a6e3862b3f"/>
		</Metadata>
		<Metadata name="DocumentJournal.КассовыеДокументы" id="ecab0b91-4cf5-4ea1-abfb-524f7f94b0e1" configVersion="5778d406f4ecda48a00cd3c7ea209bc500000000">
			<Metadata name="DocumentJournal.КассовыеДокументы.Column.Контрагент" id="2ca34d7c-bcf5-447a-b4a0-a4ce38134645"/>
			<Metadata name="DocumentJournal.КассовыеДокументы.Column.Сумма" id="85a2fe33-fa55-4815-bcc8-cbed8f48f80f"/>
		</Metadata>
		<Metadata name="DocumentJournal.СкладскиеДокументы" id="fa91e6de-1d30-43a5-9bb9-2840ac80802a" configVersion="c25b63c4e7c8a34faca51740fd1b4c9f00000000">
			<Metadata name="DocumentJournal.СкладскиеДокументы.Column.Склад" id="5b266883-f223-4381-946c-29d4488c9b76"/>
			<Metadata name="DocumentJournal.СкладскиеДокументы.Column.Контрагенты" id="d1398399-3115-4652-b1eb-e5ae7c0b750e"/>
		</Metadata>
		<Metadata name="Enum.ВидыСкладов" id="c7c6a1fb-e832-4b27-af95-21ff88cadae3" configVersion="86a394774ab64148aae0078cef3372b100000000"/>
		<Metadata name="Enum.ВидыЦен" id="849c93d9-e287-4ec3-89da-bd76c7cf8c0f" configVersion="32c04fb6572f7c49b5e4d62915c05a6100000000">
			<Metadata name="Enum.ВидыЦен.EnumValue.Оптовая" id="07416cb3-de3d-4860-89f7-d5e0133ba766"/>
			<Metadata name="Enum.ВидыЦен.EnumValue.Розничная" id="3a990e1e-7c0c-419e-8318-8ae736c2cf43"/>
			<Metadata name="Enum.ВидыЦен.EnumValue.Закупочная" id="bec759c4-2c8b-414e-bf34-5c55050a84b8"/>
		</Metadata>
		<Metadata name="Enum.ИмяДиректора" id="ab64e4ca-2589-4e78-8728-84f50517de55" configVersion="526239e12a98c141b883ce3687425b8d00000000">
			<Metadata name="Enum.ИмяДиректора.EnumValue.БиллГейтс" id="0571077b-a1ef-4d58-937a-e65431c11446"/>
			<Metadata name="Enum.ИмяДиректора.EnumValue.МаркЦукерберг" id="59def911-c9fc-4df9-a7c4-cf091ec41de3"/>
			<Metadata name="Enum.ИмяДиректора.EnumValue.ИлонМаск" id="65d7920c-8d76-4006-a62b-a0ad60057545"/>
			<Metadata name="Enum.ИмяДиректора.EnumValue.ДональдТрамп" id="6e4bbfd0-f764-4e78-a936-a0222248933f"/>
			<Metadata name="Enum.ИмяДиректора.EnumValue.AslanJavasky" id="9a5b44c7-8030-4f79-9b89-8521780f3a47"/>
		</Metadata>
		<Metadata name="Enum.СистемаНалообложения" id="bc52ee1f-30d6-4cd7-9a32-07a947ecbce1" configVersion="b88038336042bc43a29dff4df81fe12e00000000">
			<Metadata name="Enum.СистемаНалообложения.EnumValue.Упрощенная" id="54dc265f-789f-464a-8e16-f449bfa07b0e"/>
			<Metadata name="Enum.СистемаНалообложения.EnumValue.Общая" id="9fe2df3c-88c9-4f19-b90a-48b48d1a4dac"/>
		</Metadata>
		<Metadata name="Enum.ТипПерсонала" id="779c70ce-a7d8-4447-abf7-fa1bbc9a188f" configVersion="81afe8c27b933d409152f59c17d9516d00000000">
			<Metadata name="Enum.ТипПерсонала.EnumValue.Офисный" id="383e61c3-4f43-4775-9e6c-ac629cdc8d64"/>
			<Metadata name="Enum.ТипПерсонала.EnumValue.ТопМенеджмент" id="7a4a4d1b-7226-4dda-8206-69455844f78e"/>
			<Metadata name="Enum.ТипПерсонала.EnumValue.Вспомогательный" id="88addf4f-c0e7-4f93-aa47-d3590b0fc08f"/>
			<Metadata name="Enum.ТипПерсонала.EnumValue.Рабочие" id="b81fabcc-1f87-42c3-9e96-12fcace411ed"/>
		</Metadata>
		<Metadata name="FilterCriterion.ДоговораСНоменклатурой" id="a4e07bf0-d04a-4db8-b62d-20ff1eb95430" configVersion="b90bebcb607ab04aabe01c266291810600000000"/>
		<Metadata name="FilterCriterion.ДокументыСКонтрагентом" id="f51f7736-73b5-4b51-b2f1-640f7063b2ae" configVersion="10a468991ad72b4cb74f51b6a3408bc900000000"/>
		<Metadata name="FunctionalOption.ИспользоватьНесколькоСкладов" id="eb59ab28-f29f-4ae8-b1d3-a58c07a977be" configVersion="b0d5a7900b9ad54b93b4a6e2570d4afc00000000"/>
		<Metadata name="InformationRegister.КурсыВалют" id="688274fc-2603-46e9-b5a0-71b919af72da" configVersion="c9f82e2680bf3f4c9c983dd7254b5a3700000000">
			<Metadata name="InformationRegister.КурсыВалют.Dimension.Валюта" id="1d704025-21f7-42b5-8f29-c8aad4abde34"/>
			<Metadata name="InformationRegister.КурсыВалют.Resource.Курс" id="65555698-40dd-4a91-aa2f-48073f01cea4"/>
		</Metadata>
		<Metadata name="InformationRegister.ХарактеристикиНоменклатуры" id="4e012022-ca9c-4d6f-9c97-1a33433c6845" configVersion="079895e8224139468dae2bd0b0774b1000000000">
			<Metadata name="InformationRegister.ХарактеристикиНоменклатуры.Dimension.Характеристика" id="88e6a2aa-22e9-43da-9f9e-d6c808eede75"/>
			<Metadata name="InformationRegister.ХарактеристикиНоменклатуры.Resource.ЗначениеХарактеристики" id="ae73727e-2ee4-4d63-8bb8-9975061b430a"/>
			<Metadata name="InformationRegister.ХарактеристикиНоменклатуры.Dimension.ВидХарактеристики" id="fedf79d5-b07a-492d-a3a7-c7794ed1b645"/>
		</Metadata>
		<Metadata name="InformationRegister.ЦеныТоваров" id="0b55b71d-c569-4c61-80db-700c9ac907ea" configVersion="71baa9598f8aa04fae10f955b59378b200000000">
			<Metadata name="InformationRegister.ЦеныТоваров.Attribute.ДопИнформация" id="8c72b375-4ed4-4771-8b19-c827dfdfacb7"/>
			<Metadata name="InformationRegister.ЦеныТоваров.Resource.Цена" id="9278616d-47a5-4b04-af22-e80fcefd6743"/>
			<Metadata name="InformationRegister.ЦеныТоваров.Dimension.ВидыЦен" id="b2810106-36a2-44c0-b75c-34e597bb0d2a"/>
			<Metadata name="InformationRegister.ЦеныТоваров.Dimension.Номенклатура" id="b6464215-7dba-4e31-8416-bd16c0c79c01"/>
		</Metadata>
		<Metadata name="Language.Русский" id="bf8be353-9f86-45ad-b63c-ab8c9a16b854" configVersion="76c646760dc5514392f8aea0bce35cf300000000"/>
		<Metadata name="Report.ОстаткиТоваровНаСкладах" id="84f12a74-29d8-4dc0-8da1-d1486131b9af" configVersion="faf036264dadaa49858a173d06addf6000000000"/>
		<Metadata name="Report.ОстаткиТоваровНаСкладах.Template.ОсновнаяСхемаКомпоновкиДанных" id="45495860-c11f-4e9a-9d87-a1731b370ae6" configVersion="b1a2c13ab5b00f4a8c13e8308587f15c00000000"/>
		<Metadata name="Report.ОстаткиТоваровНаСкладах.Template.ОсновнаяСхемаКомпоновкиДанных.Template" id="45495860-c11f-4e9a-9d87-a1731b370ae6.0" configVersion="a6b67e8198b32b4190521b6bd36cb51500000000"/>
		<Metadata name="Role.Администратор" id="9323721a-43e7-430f-9b52-33dd517bbf2d" configVersion="4e443882d3f9774e857109aeee7dde4300000000"/>
		<Metadata name="Role.Администратор.Rights" id="9323721a-43e7-430f-9b52-33dd517bbf2d.0" configVersion="49c6f05d7b2eee478e49e9fdc5957bf600000000"/>
		<Metadata name="Role.Кладовщик" id="2c1e85b6-74cf-42d2-b642-bd33438bea7e" configVersion="1c255e41023bc3458f7875e01454b26400000000"/>
		<Metadata name="Role.Кладовщик.Rights" id="2c1e85b6-74cf-42d2-b642-bd33438bea7e.0" configVersion="2e0735319fb7c042be89917cd411150000000000"/>
		<Metadata name="Subsystem.Закупки" id="2a8c6c4d-5528-470a-b52b-4a55f0ba6391" configVersion="4df62dcdef0ad54b9acb301fcc4d2ff000000000"/>
		<Metadata name="Subsystem.Казначество" id="376b5f39-41a5-41b5-bad2-db10e638881b" configVersion="54f9c7c4ac364e45a3811f4119eb177f00000000"/>
		<Metadata name="Subsystem.НСИИАдминистрирование" id="b86bd9c7-4d2a-4329-a00e-237708d5ce0a" configVersion="f199cec826cc2f4c9e6041df84109b8400000000"/>
		<Metadata name="Subsystem.НСИИАдминистрирование.CommandInterface" id="b86bd9c7-4d2a-4329-a00e-237708d5ce0a.1" configVersion="6db282b103fb684c8491701b740ae63c00000000"/>
		<Metadata name="Subsystem.НСИИАдминистрирование.Subsystem.Журналы" id="09574bce-2dfd-4787-94e0-c2983b91248d" configVersion="c8c020ff49571649be3d608238041e5800000000"/>
		<Metadata name="Subsystem.НСИИАдминистрирование.Subsystem.Отчеты" id="98872ca0-b36b-4ef5-8438-d39808cdde2c" configVersion="5768e55ca1eeb349ad127377c04d11c800000000"/>
		<Metadata name="Subsystem.НСИИАдминистрирование.Subsystem.Регистры" id="a4d6dfe9-8e90-4729-a774-1351da3f0df1" configVersion="8616310cdb4258468299093b10197d0400000000"/>
		<Metadata name="Subsystem.НСИИАдминистрирование.Subsystem.Справочники" id="3dbfd6bb-feaf-4082-8880-8df60b8493de" configVersion="12c9ba9da4366540b303ff544213eccd00000000"/>
		<Metadata name="Subsystem.ОбучениеПрограммированию" id="9991b230-fd29-402f-bbac-d002fca8f747" configVersion="cac17a79a088ca4cadd4c1dbf1718eee00000000"/>
		<Metadata name="Subsystem.Продажи" id="982cfda0-01a9-4414-953e-8c6d3c76c8f0" configVersion="658e3404ccc5b64389c9adf7492e1e7400000000"/>
	</ConfigVersions>
</ConfigDumpInfo>