﻿<?xml version="1.0" encoding="UTF-8"?>
<MetaDataObject xmlns="http://v8.1c.ru/8.3/MDClasses" xmlns:app="http://v8.1c.ru/8.2/managed-application/core" xmlns:cfg="http://v8.1c.ru/8.1/data/enterprise/current-config" xmlns:cmi="http://v8.1c.ru/8.2/managed-application/cmi" xmlns:ent="http://v8.1c.ru/8.1/data/enterprise" xmlns:lf="http://v8.1c.ru/8.2/managed-application/logform" xmlns:style="http://v8.1c.ru/8.1/data/ui/style" xmlns:sys="http://v8.1c.ru/8.1/data/ui/fonts/system" xmlns:v8="http://v8.1c.ru/8.1/data/core" xmlns:v8ui="http://v8.1c.ru/8.1/data/ui" xmlns:web="http://v8.1c.ru/8.1/data/ui/colors/web" xmlns:win="http://v8.1c.ru/8.1/data/ui/colors/windows" xmlns:xen="http://v8.1c.ru/8.3/xcf/enums" xmlns:xpr="http://v8.1c.ru/8.3/xcf/predef" xmlns:xr="http://v8.1c.ru/8.3/xcf/readable" xmlns:xs="http://www.w3.org/2001/XMLSchema" xmlns:xsi="http://www.w3.org/2001/XMLSchema-instance" version="2.20">
	<DocumentJournal uuid="fa91e6de-1d30-43a5-9bb9-2840ac80802a">
		<InternalInfo>
			<xr:GeneratedType name="DocumentJournalSelection.СкладскиеДокументы" category="Selection">
				<xr:TypeId>3b50fd91-5030-47c1-a7fb-2c58af5d8617</xr:TypeId>
				<xr:ValueId>03d6ed08-b0cb-4a63-8d59-7826816321e9</xr:ValueId>
			</xr:GeneratedType>
			<xr:GeneratedType name="DocumentJournalList.СкладскиеДокументы" category="List">
				<xr:TypeId>be51bbb8-ba1f-4e51-9e7e-5aa3fc9d10e3</xr:TypeId>
				<xr:ValueId>92872781-7427-4d6f-96dc-735f53909fcf</xr:ValueId>
			</xr:GeneratedType>
			<xr:GeneratedType name="DocumentJournalManager.СкладскиеДокументы" category="Manager">
				<xr:TypeId>1d35e25f-7732-4f6a-91e6-a3544b0c92ac</xr:TypeId>
				<xr:ValueId>cb20631d-e892-4a0c-9315-87f626f700a4</xr:ValueId>
			</xr:GeneratedType>
		</InternalInfo>
		<Properties>
			<Name>СкладскиеДокументы</Name>
			<Synonym>
				<v8:item>
					<v8:lang>ru</v8:lang>
					<v8:content>Складские документы</v8:content>
				</v8:item>
			</Synonym>
			<Comment/>
			<DefaultForm/>
			<AuxiliaryForm/>
			<UseStandardCommands>true</UseStandardCommands>
			<RegisteredDocuments>
				<xr:Item xsi:type="xr:MDObjectRef">Document.ПриёмкаТовара</xr:Item>
				<xr:Item xsi:type="xr:MDObjectRef">Document.ОтгрузкаТовара</xr:Item>
			</RegisteredDocuments>
			<IncludeHelpInContents>false</IncludeHelpInContents>
			<ListPresentation/>
			<ExtendedListPresentation/>
			<Explanation/>
		</Properties>
		<ChildObjects>
			<Column uuid="d1398399-3115-4652-b1eb-e5ae7c0b750e">
				<Properties>
					<Name>Контрагенты</Name>
					<Synonym>
						<v8:item>
							<v8:lang>ru</v8:lang>
							<v8:content>Контрагенты</v8:content>
						</v8:item>
					</Synonym>
					<Comment/>
					<Indexing>DontIndex</Indexing>
					<References>
						<xr:Item xsi:type="xr:MDObjectRef">Document.ПриёмкаТовара.Attribute.Поставщик</xr:Item>
						<xr:Item xsi:type="xr:MDObjectRef">Document.ОтгрузкаТовара.Attribute.Покупатель</xr:Item>
					</References>
				</Properties>
			</Column>
			<Column uuid="5b266883-f223-4381-946c-29d4488c9b76">
				<Properties>
					<Name>Склад</Name>
					<Synonym>
						<v8:item>
							<v8:lang>ru</v8:lang>
							<v8:content>Склад</v8:content>
						</v8:item>
					</Synonym>
					<Comment/>
					<Indexing>DontIndex</Indexing>
					<References>
						<xr:Item xsi:type="xr:MDObjectRef">Document.ПриёмкаТовара.Attribute.Склад</xr:Item>
						<xr:Item xsi:type="xr:MDObjectRef">Document.ОтгрузкаТовара.Attribute.Склад</xr:Item>
					</References>
				</Properties>
			</Column>
		</ChildObjects>
	</DocumentJournal>
</MetaDataObject>