﻿<?xml version="1.0" encoding="UTF-8"?>
<PredefinedData xmlns="http://v8.1c.ru/8.3/xcf/predef" xmlns:v8="http://v8.1c.ru/8.1/data/core" xmlns:xr="http://v8.1c.ru/8.3/xcf/readable" xmlns:xs="http://www.w3.org/2001/XMLSchema" xmlns:xsi="http://www.w3.org/2001/XMLSchema-instance" xsi:type="CatalogPredefinedItems" version="2.20">
	<Item id="e4d3d75f-28f6-42b2-a483-64590c6929f0">
		<Name>Галлеоны</Name>
		<Code>000000001</Code>
		<Description>Галлеоны</Description>
		<IsFolder>false</IsFolder>
	</Item>
	<Item id="7f897169-d201-47ec-a4eb-7fbfe4e75b0a">
		<Name>Сикли</Name>
		<Code>000000002</Code>
		<Description>Сикли</Description>
		<IsFolder>false</IsFolder>
	</Item>
</PredefinedData>