﻿<?xml version="1.0" encoding="UTF-8"?>
<MetaDataObject xmlns="http://v8.1c.ru/8.3/MDClasses" xmlns:app="http://v8.1c.ru/8.2/managed-application/core" xmlns:cfg="http://v8.1c.ru/8.1/data/enterprise/current-config" xmlns:cmi="http://v8.1c.ru/8.2/managed-application/cmi" xmlns:ent="http://v8.1c.ru/8.1/data/enterprise" xmlns:lf="http://v8.1c.ru/8.2/managed-application/logform" xmlns:style="http://v8.1c.ru/8.1/data/ui/style" xmlns:sys="http://v8.1c.ru/8.1/data/ui/fonts/system" xmlns:v8="http://v8.1c.ru/8.1/data/core" xmlns:v8ui="http://v8.1c.ru/8.1/data/ui" xmlns:web="http://v8.1c.ru/8.1/data/ui/colors/web" xmlns:win="http://v8.1c.ru/8.1/data/ui/colors/windows" xmlns:xen="http://v8.1c.ru/8.3/xcf/enums" xmlns:xpr="http://v8.1c.ru/8.3/xcf/predef" xmlns:xr="http://v8.1c.ru/8.3/xcf/readable" xmlns:xs="http://www.w3.org/2001/XMLSchema" xmlns:xsi="http://www.w3.org/2001/XMLSchema-instance" version="2.20">
	<FilterCriterion uuid="a4e07bf0-d04a-4db8-b62d-20ff1eb95430">
		<InternalInfo>
			<xr:GeneratedType name="FilterCriterionManager.ДоговораСНоменклатурой" category="Manager">
				<xr:TypeId>25c2b69a-418d-40c1-9930-58382ff3e66c</xr:TypeId>
				<xr:ValueId>93d6ed81-72e5-496d-99d1-c17f81b91ce0</xr:ValueId>
			</xr:GeneratedType>
			<xr:GeneratedType name="FilterCriterionList.ДоговораСНоменклатурой" category="List">
				<xr:TypeId>1758615f-df14-4cba-9dc2-996371eb4a6b</xr:TypeId>
				<xr:ValueId>2f38961f-1680-45f2-b945-75c39b8be0c5</xr:ValueId>
			</xr:GeneratedType>
		</InternalInfo>
		<Properties>
			<Name>ДоговораСНоменклатурой</Name>
			<Synonym>
				<v8:item>
					<v8:lang>ru</v8:lang>
					<v8:content>Договора с номенклатурой</v8:content>
				</v8:item>
			</Synonym>
			<Comment/>
			<Type>
				<v8:Type>cfg:CatalogRef.Номенклатура</v8:Type>
			</Type>
			<UseStandardCommands>true</UseStandardCommands>
			<Content>
				<xr:Item xsi:type="xr:MDObjectRef">Document.ЗакупкаТовара.TabularSection.Товары.Attribute.Номенклатура</xr:Item>
				<xr:Item xsi:type="xr:MDObjectRef">Document.ПриёмкаТовара.TabularSection.Товары.Attribute.Номенклатура</xr:Item>
				<xr:Item xsi:type="xr:MDObjectRef">Document.ПродажаТовара.TabularSection.Товары.Attribute.Номенклатура</xr:Item>
				<xr:Item xsi:type="xr:MDObjectRef">Document.ОтгрузкаТовара.TabularSection.Товары.Attribute.Номенклатура</xr:Item>
			</Content>
			<DefaultForm/>
			<AuxiliaryForm/>
			<ListPresentation/>
			<ExtendedListPresentation/>
			<Explanation/>
		</Properties>
		<ChildObjects/>
	</FilterCriterion>
</MetaDataObject>