﻿<?xml version="1.0" encoding="UTF-8"?>
<MetaDataObject xmlns="http://v8.1c.ru/8.3/MDClasses" xmlns:app="http://v8.1c.ru/8.2/managed-application/core" xmlns:cfg="http://v8.1c.ru/8.1/data/enterprise/current-config" xmlns:cmi="http://v8.1c.ru/8.2/managed-application/cmi" xmlns:ent="http://v8.1c.ru/8.1/data/enterprise" xmlns:lf="http://v8.1c.ru/8.2/managed-application/logform" xmlns:style="http://v8.1c.ru/8.1/data/ui/style" xmlns:sys="http://v8.1c.ru/8.1/data/ui/fonts/system" xmlns:v8="http://v8.1c.ru/8.1/data/core" xmlns:v8ui="http://v8.1c.ru/8.1/data/ui" xmlns:web="http://v8.1c.ru/8.1/data/ui/colors/web" xmlns:win="http://v8.1c.ru/8.1/data/ui/colors/windows" xmlns:xen="http://v8.1c.ru/8.3/xcf/enums" xmlns:xpr="http://v8.1c.ru/8.3/xcf/predef" xmlns:xr="http://v8.1c.ru/8.3/xcf/readable" xmlns:xs="http://www.w3.org/2001/XMLSchema" xmlns:xsi="http://www.w3.org/2001/XMLSchema-instance" version="2.20">
	<Enum uuid="ab64e4ca-2589-4e78-8728-84f50517de55">
		<InternalInfo>
			<xr:GeneratedType name="EnumRef.ИмяДиректора" category="Ref">
				<xr:TypeId>e748e6cb-cb87-4920-92ff-6cbd61f123d8</xr:TypeId>
				<xr:ValueId>95dfe7fd-a227-4492-99cc-313f4880ba27</xr:ValueId>
			</xr:GeneratedType>
			<xr:GeneratedType name="EnumManager.ИмяДиректора" category="Manager">
				<xr:TypeId>79a1a6f3-a66d-4921-a340-35793a681ff4</xr:TypeId>
				<xr:ValueId>f329cd5a-756d-4d65-b5d8-6d1af8299b50</xr:ValueId>
			</xr:GeneratedType>
			<xr:GeneratedType name="EnumList.ИмяДиректора" category="List">
				<xr:TypeId>bf59e3b0-84c5-49c8-bace-b1cf677e8c16</xr:TypeId>
				<xr:ValueId>bab655a2-88bf-485b-8db5-dbb305f65d1a</xr:ValueId>
			</xr:GeneratedType>
		</InternalInfo>
		<Properties>
			<Name>ИмяДиректора</Name>
			<Synonym>
				<v8:item>
					<v8:lang>ru</v8:lang>
					<v8:content>Имя директора</v8:content>
				</v8:item>
			</Synonym>
			<Comment/>
			<UseStandardCommands>false</UseStandardCommands>
			<Characteristics/>
			<QuickChoice>true</QuickChoice>
			<ChoiceMode>BothWays</ChoiceMode>
			<DefaultListForm/>
			<DefaultChoiceForm/>
			<AuxiliaryListForm/>
			<AuxiliaryChoiceForm/>
			<ListPresentation/>
			<ExtendedListPresentation/>
			<Explanation/>
			<ChoiceHistoryOnInput>Auto</ChoiceHistoryOnInput>
		</Properties>
		<ChildObjects>
			<EnumValue uuid="9a5b44c7-8030-4f79-9b89-8521780f3a47">
				<Properties>
					<Name>AslanJavasky</Name>
					<Synonym>
						<v8:item>
							<v8:lang>ru</v8:lang>
							<v8:content>Aslan Javasky</v8:content>
						</v8:item>
					</Synonym>
					<Comment/>
				</Properties>
			</EnumValue>
			<EnumValue uuid="65d7920c-8d76-4006-a62b-a0ad60057545">
				<Properties>
					<Name>ИлонМаск</Name>
					<Synonym>
						<v8:item>
							<v8:lang>ru</v8:lang>
							<v8:content>Илон Маск</v8:content>
						</v8:item>
					</Synonym>
					<Comment/>
				</Properties>
			</EnumValue>
			<EnumValue uuid="6e4bbfd0-f764-4e78-a936-a0222248933f">
				<Properties>
					<Name>ДональдТрамп</Name>
					<Synonym>
						<v8:item>
							<v8:lang>ru</v8:lang>
							<v8:content>Дональд Трамп</v8:content>
						</v8:item>
					</Synonym>
					<Comment/>
				</Properties>
			</EnumValue>
			<EnumValue uuid="0571077b-a1ef-4d58-937a-e65431c11446">
				<Properties>
					<Name>БиллГейтс</Name>
					<Synonym>
						<v8:item>
							<v8:lang>ru</v8:lang>
							<v8:content>Билл Гейтс</v8:content>
						</v8:item>
					</Synonym>
					<Comment/>
				</Properties>
			</EnumValue>
			<EnumValue uuid="59def911-c9fc-4df9-a7c4-cf091ec41de3">
				<Properties>
					<Name>МаркЦукерберг</Name>
					<Synonym>
						<v8:item>
							<v8:lang>ru</v8:lang>
							<v8:content>Марк Цукерберг</v8:content>
						</v8:item>
					</Synonym>
					<Comment/>
				</Properties>
			</EnumValue>
		</ChildObjects>
	</Enum>
</MetaDataObject>