﻿<?xml version="1.0" encoding="UTF-8"?>
<PredefinedData xmlns="http://v8.1c.ru/8.3/xcf/predef" xmlns:v8="http://v8.1c.ru/8.1/data/core" xmlns:xr="http://v8.1c.ru/8.3/xcf/readable" xmlns:xs="http://www.w3.org/2001/XMLSchema" xmlns:xsi="http://www.w3.org/2001/XMLSchema-instance" xsi:type="CatalogPredefinedItems" version="2.20">
	<Item id="9ee122f1-e076-4444-99d3-0da0216a7876">
		<Name>АсланДжавайский</Name>
		<Code>00</Code>
		<Description>Аслан Джавайский</Description>
		<IsFolder>false</IsFolder>
	</Item>
	<Item id="0b336f2a-034c-4d34-b346-5cf3b4c891b0">
		<Name>АсланДжавайский1</Name>
		<Code>00</Code>
		<Description>Аслан джавайский</Description>
		<IsFolder>false</IsFolder>
	</Item>
</PredefinedData>