﻿<?xml version="1.0" encoding="UTF-8"?>
<PredefinedData xmlns="http://v8.1c.ru/8.3/xcf/predef" xmlns:v8="http://v8.1c.ru/8.1/data/core" xmlns:xr="http://v8.1c.ru/8.3/xcf/readable" xmlns:xs="http://www.w3.org/2001/XMLSchema" xmlns:xsi="http://www.w3.org/2001/XMLSchema-instance" xsi:type="CatalogPredefinedItems" version="2.20">
	<Item id="b1910cfc-72cd-439b-bbb5-12b7ce6ea277">
		<Name>Покупатели</Name>
		<Code>000000002</Code>
		<Description>Покупатели</Description>
		<IsFolder>true</IsFolder>
	</Item>
	<Item id="800ae2fb-0385-4159-ae09-66d6e6945a3b">
		<Name>Поставщики</Name>
		<Code>000000001</Code>
		<Description>Поставщики</Description>
		<IsFolder>true</IsFolder>
	</Item>
</PredefinedData>