﻿<?xml version="1.0" encoding="UTF-8"?>
<MetaDataObject xmlns="http://v8.1c.ru/8.3/MDClasses" xmlns:app="http://v8.1c.ru/8.2/managed-application/core" xmlns:cfg="http://v8.1c.ru/8.1/data/enterprise/current-config" xmlns:cmi="http://v8.1c.ru/8.2/managed-application/cmi" xmlns:ent="http://v8.1c.ru/8.1/data/enterprise" xmlns:lf="http://v8.1c.ru/8.2/managed-application/logform" xmlns:style="http://v8.1c.ru/8.1/data/ui/style" xmlns:sys="http://v8.1c.ru/8.1/data/ui/fonts/system" xmlns:v8="http://v8.1c.ru/8.1/data/core" xmlns:v8ui="http://v8.1c.ru/8.1/data/ui" xmlns:web="http://v8.1c.ru/8.1/data/ui/colors/web" xmlns:win="http://v8.1c.ru/8.1/data/ui/colors/windows" xmlns:xen="http://v8.1c.ru/8.3/xcf/enums" xmlns:xpr="http://v8.1c.ru/8.3/xcf/predef" xmlns:xr="http://v8.1c.ru/8.3/xcf/readable" xmlns:xs="http://www.w3.org/2001/XMLSchema" xmlns:xsi="http://www.w3.org/2001/XMLSchema-instance" version="2.20">
	<Enum uuid="bc52ee1f-30d6-4cd7-9a32-07a947ecbce1">
		<InternalInfo>
			<xr:GeneratedType name="EnumRef.СистемаНалообложения" category="Ref">
				<xr:TypeId>71ad43be-3ce8-4dfd-8f85-09053d27dfea</xr:TypeId>
				<xr:ValueId>a44ba427-0ce4-450e-b63b-34c4b306aede</xr:ValueId>
			</xr:GeneratedType>
			<xr:GeneratedType name="EnumManager.СистемаНалообложения" category="Manager">
				<xr:TypeId>b76f7ae6-04e5-4a4a-b7c7-02171c4ed92b</xr:TypeId>
				<xr:ValueId>78ce501d-6fb0-4424-83c6-809290ed15f0</xr:ValueId>
			</xr:GeneratedType>
			<xr:GeneratedType name="EnumList.СистемаНалообложения" category="List">
				<xr:TypeId>dd35a7c8-669c-4420-87a9-8e3e5e188199</xr:TypeId>
				<xr:ValueId>c9d534bf-4f14-4ba9-bec6-6e99b022c671</xr:ValueId>
			</xr:GeneratedType>
		</InternalInfo>
		<Properties>
			<Name>СистемаНалообложения</Name>
			<Synonym>
				<v8:item>
					<v8:lang>ru</v8:lang>
					<v8:content>Система налообложения</v8:content>
				</v8:item>
			</Synonym>
			<Comment/>
			<UseStandardCommands>false</UseStandardCommands>
			<Characteristics/>
			<QuickChoice>true</QuickChoice>
			<ChoiceMode>BothWays</ChoiceMode>
			<DefaultListForm/>
			<DefaultChoiceForm/>
			<AuxiliaryListForm/>
			<AuxiliaryChoiceForm/>
			<ListPresentation/>
			<ExtendedListPresentation/>
			<Explanation/>
			<ChoiceHistoryOnInput>Auto</ChoiceHistoryOnInput>
		</Properties>
		<ChildObjects>
			<EnumValue uuid="9fe2df3c-88c9-4f19-b90a-48b48d1a4dac">
				<Properties>
					<Name>Общая</Name>
					<Synonym>
						<v8:item>
							<v8:lang>ru</v8:lang>
							<v8:content>Общая</v8:content>
						</v8:item>
					</Synonym>
					<Comment/>
				</Properties>
			</EnumValue>
			<EnumValue uuid="54dc265f-789f-464a-8e16-f449bfa07b0e">
				<Properties>
					<Name>Упрощенная</Name>
					<Synonym>
						<v8:item>
							<v8:lang>ru</v8:lang>
							<v8:content>Упрощенная</v8:content>
						</v8:item>
					</Synonym>
					<Comment/>
				</Properties>
			</EnumValue>
		</ChildObjects>
	</Enum>
</MetaDataObject>