﻿<?xml version="1.0" encoding="UTF-8"?>
<MetaDataObject xmlns="http://v8.1c.ru/8.3/MDClasses" xmlns:app="http://v8.1c.ru/8.2/managed-application/core" xmlns:cfg="http://v8.1c.ru/8.1/data/enterprise/current-config" xmlns:cmi="http://v8.1c.ru/8.2/managed-application/cmi" xmlns:ent="http://v8.1c.ru/8.1/data/enterprise" xmlns:lf="http://v8.1c.ru/8.2/managed-application/logform" xmlns:style="http://v8.1c.ru/8.1/data/ui/style" xmlns:sys="http://v8.1c.ru/8.1/data/ui/fonts/system" xmlns:v8="http://v8.1c.ru/8.1/data/core" xmlns:v8ui="http://v8.1c.ru/8.1/data/ui" xmlns:web="http://v8.1c.ru/8.1/data/ui/colors/web" xmlns:win="http://v8.1c.ru/8.1/data/ui/colors/windows" xmlns:xen="http://v8.1c.ru/8.3/xcf/enums" xmlns:xpr="http://v8.1c.ru/8.3/xcf/predef" xmlns:xr="http://v8.1c.ru/8.3/xcf/readable" xmlns:xs="http://www.w3.org/2001/XMLSchema" xmlns:xsi="http://www.w3.org/2001/XMLSchema-instance" version="2.20">
	<Subsystem uuid="b86bd9c7-4d2a-4329-a00e-237708d5ce0a">
		<Properties>
			<Name>НСИИАдминистрирование</Name>
			<Synonym>
				<v8:item>
					<v8:lang>ru</v8:lang>
					<v8:content>НСИ И Администрирование</v8:content>
				</v8:item>
			</Synonym>
			<Comment/>
			<IncludeHelpInContents>true</IncludeHelpInContents>
			<IncludeInCommandInterface>true</IncludeInCommandInterface>
			<UseOneCommand>false</UseOneCommand>
			<Explanation/>
			<Picture>
				<xr:Ref>CommonPicture.НСИКартинка</xr:Ref>
				<xr:LoadTransparent>true</xr:LoadTransparent>
			</Picture>
			<Content>
				<xr:Item xsi:type="xr:MDObjectRef">Document.УстановкаЦен</xr:Item>
				<xr:Item xsi:type="xr:MDObjectRef">FunctionalOption.ИспользоватьНесколькоСкладов</xr:Item>
				<xr:Item xsi:type="xr:MDObjectRef">Constant.НесколькоСкладов</xr:Item>
				<xr:Item xsi:type="xr:MDObjectRef">FilterCriterion.ДоговораСНоменклатурой</xr:Item>
				<xr:Item xsi:type="xr:MDObjectRef">FilterCriterion.ДокументыСКонтрагентом</xr:Item>
				<xr:Item xsi:type="xr:MDObjectRef">Catalog.ХарактеристикиНоменклатуры</xr:Item>
				<xr:Item xsi:type="xr:MDObjectRef">Catalog.ЗначенияХарактеристикиНоменклатуры</xr:Item>
				<xr:Item xsi:type="xr:MDObjectRef">ChartOfCharacteristicTypes.ВидХарактеристикиНоменклатуры</xr:Item>
			</Content>
		</Properties>
		<ChildObjects>
			<Subsystem>Справочники</Subsystem>
			<Subsystem>Отчеты</Subsystem>
			<Subsystem>Журналы</Subsystem>
			<Subsystem>Регистры</Subsystem>
		</ChildObjects>
	</Subsystem>
</MetaDataObject>