﻿<?xml version="1.0" encoding="UTF-8"?>
<MetaDataObject xmlns="http://v8.1c.ru/8.3/MDClasses" xmlns:app="http://v8.1c.ru/8.2/managed-application/core" xmlns:cfg="http://v8.1c.ru/8.1/data/enterprise/current-config" xmlns:cmi="http://v8.1c.ru/8.2/managed-application/cmi" xmlns:ent="http://v8.1c.ru/8.1/data/enterprise" xmlns:lf="http://v8.1c.ru/8.2/managed-application/logform" xmlns:style="http://v8.1c.ru/8.1/data/ui/style" xmlns:sys="http://v8.1c.ru/8.1/data/ui/fonts/system" xmlns:v8="http://v8.1c.ru/8.1/data/core" xmlns:v8ui="http://v8.1c.ru/8.1/data/ui" xmlns:web="http://v8.1c.ru/8.1/data/ui/colors/web" xmlns:win="http://v8.1c.ru/8.1/data/ui/colors/windows" xmlns:xen="http://v8.1c.ru/8.3/xcf/enums" xmlns:xpr="http://v8.1c.ru/8.3/xcf/predef" xmlns:xr="http://v8.1c.ru/8.3/xcf/readable" xmlns:xs="http://www.w3.org/2001/XMLSchema" xmlns:xsi="http://www.w3.org/2001/XMLSchema-instance" version="2.20">
	<FilterCriterion uuid="f51f7736-73b5-4b51-b2f1-640f7063b2ae">
		<InternalInfo>
			<xr:GeneratedType name="FilterCriterionManager.ДокументыСКонтрагентом" category="Manager">
				<xr:TypeId>e315c693-7fdd-4c42-8df5-245c7408f5bb</xr:TypeId>
				<xr:ValueId>09cee70c-a345-473e-8f25-d0038f2c9ae4</xr:ValueId>
			</xr:GeneratedType>
			<xr:GeneratedType name="FilterCriterionList.ДокументыСКонтрагентом" category="List">
				<xr:TypeId>67b9ac60-8ee1-41ad-a461-fc109440db93</xr:TypeId>
				<xr:ValueId>aab116e6-d6bb-4578-b7a1-52f0b0af996c</xr:ValueId>
			</xr:GeneratedType>
		</InternalInfo>
		<Properties>
			<Name>ДокументыСКонтрагентом</Name>
			<Synonym>
				<v8:item>
					<v8:lang>ru</v8:lang>
					<v8:content>Документы с контрагентом</v8:content>
				</v8:item>
			</Synonym>
			<Comment/>
			<Type>
				<v8:Type>cfg:CatalogRef.Контрагенты</v8:Type>
			</Type>
			<UseStandardCommands>true</UseStandardCommands>
			<Content>
				<xr:Item xsi:type="xr:MDObjectRef">Document.ЗакупкаТовара.Attribute.Поставщик</xr:Item>
				<xr:Item xsi:type="xr:MDObjectRef">Document.ПриёмкаТовара.Attribute.Поставщик</xr:Item>
				<xr:Item xsi:type="xr:MDObjectRef">Document.ОплатаЧерезКассу.Attribute.Контрагент</xr:Item>
				<xr:Item xsi:type="xr:MDObjectRef">Document.ПродажаТовара.Attribute.Покупатель</xr:Item>
				<xr:Item xsi:type="xr:MDObjectRef">Document.ОтгрузкаТовара.Attribute.Покупатель</xr:Item>
				<xr:Item xsi:type="xr:MDObjectRef">Document.ПоступлениеВКассу.Attribute.Контрагент</xr:Item>
			</Content>
			<DefaultForm/>
			<AuxiliaryForm/>
			<ListPresentation/>
			<ExtendedListPresentation/>
			<Explanation/>
		</Properties>
		<ChildObjects/>
	</FilterCriterion>
</MetaDataObject>