﻿<?xml version="1.0" encoding="UTF-8"?>
<MetaDataObject xmlns="http://v8.1c.ru/8.3/MDClasses" xmlns:app="http://v8.1c.ru/8.2/managed-application/core" xmlns:cfg="http://v8.1c.ru/8.1/data/enterprise/current-config" xmlns:cmi="http://v8.1c.ru/8.2/managed-application/cmi" xmlns:ent="http://v8.1c.ru/8.1/data/enterprise" xmlns:lf="http://v8.1c.ru/8.2/managed-application/logform" xmlns:style="http://v8.1c.ru/8.1/data/ui/style" xmlns:sys="http://v8.1c.ru/8.1/data/ui/fonts/system" xmlns:v8="http://v8.1c.ru/8.1/data/core" xmlns:v8ui="http://v8.1c.ru/8.1/data/ui" xmlns:web="http://v8.1c.ru/8.1/data/ui/colors/web" xmlns:win="http://v8.1c.ru/8.1/data/ui/colors/windows" xmlns:xen="http://v8.1c.ru/8.3/xcf/enums" xmlns:xpr="http://v8.1c.ru/8.3/xcf/predef" xmlns:xr="http://v8.1c.ru/8.3/xcf/readable" xmlns:xs="http://www.w3.org/2001/XMLSchema" xmlns:xsi="http://www.w3.org/2001/XMLSchema-instance" version="2.20">
	<Catalog uuid="221eaf40-10e3-4d4e-af9e-714d769d513f">
		<InternalInfo>
			<xr:GeneratedType name="CatalogObject.ЗначенияХарактеристикиНоменклатуры" category="Object">
				<xr:TypeId>db6f970b-85e8-4cc0-b253-a26311e998dd</xr:TypeId>
				<xr:ValueId>2f0b88b4-9441-49da-91af-7fc2f085c82e</xr:ValueId>
			</xr:GeneratedType>
			<xr:GeneratedType name="CatalogRef.ЗначенияХарактеристикиНоменклатуры" category="Ref">
				<xr:TypeId>14dd79ec-ad17-4e05-9e84-cf9e019b1d76</xr:TypeId>
				<xr:ValueId>a64de7a2-ef78-4ddf-a606-b7e8cd1e312a</xr:ValueId>
			</xr:GeneratedType>
			<xr:GeneratedType name="CatalogSelection.ЗначенияХарактеристикиНоменклатуры" category="Selection">
				<xr:TypeId>941d812a-2eac-4ffd-a99e-ad79348f4f7c</xr:TypeId>
				<xr:ValueId>9e0164f7-ba21-4c18-ba86-0fda4789dcae</xr:ValueId>
			</xr:GeneratedType>
			<xr:GeneratedType name="CatalogList.ЗначенияХарактеристикиНоменклатуры" category="List">
				<xr:TypeId>2d383613-fe2a-4b7a-b821-c64022203f18</xr:TypeId>
				<xr:ValueId>6d074455-1dc2-4a11-9a16-7d46bf9e17f4</xr:ValueId>
			</xr:GeneratedType>
			<xr:GeneratedType name="CatalogManager.ЗначенияХарактеристикиНоменклатуры" category="Manager">
				<xr:TypeId>d7ab4beb-5efa-4f62-89c6-5017b347b5ef</xr:TypeId>
				<xr:ValueId>729bb263-193f-465b-bc14-79b759272eea</xr:ValueId>
			</xr:GeneratedType>
		</InternalInfo>
		<Properties>
			<Name>ЗначенияХарактеристикиНоменклатуры</Name>
			<Synonym>
				<v8:item>
					<v8:lang>ru</v8:lang>
					<v8:content>Значения характеристики номенклатуры</v8:content>
				</v8:item>
			</Synonym>
			<Comment/>
			<Hierarchical>false</Hierarchical>
			<HierarchyType>HierarchyFoldersAndItems</HierarchyType>
			<LimitLevelCount>false</LimitLevelCount>
			<LevelCount>2</LevelCount>
			<FoldersOnTop>true</FoldersOnTop>
			<UseStandardCommands>true</UseStandardCommands>
			<Owners>
				<xr:Item xsi:type="xr:MDObjectRef">ChartOfCharacteristicTypes.ВидХарактеристикиНоменклатуры</xr:Item>
			</Owners>
			<SubordinationUse>ToItems</SubordinationUse>
			<CodeLength>9</CodeLength>
			<DescriptionLength>25</DescriptionLength>
			<CodeType>String</CodeType>
			<CodeAllowedLength>Variable</CodeAllowedLength>
			<CodeSeries>WholeCatalog</CodeSeries>
			<CheckUnique>true</CheckUnique>
			<Autonumbering>true</Autonumbering>
			<DefaultPresentation>AsDescription</DefaultPresentation>
			<Characteristics/>
			<PredefinedDataUpdate>Auto</PredefinedDataUpdate>
			<EditType>InDialog</EditType>
			<QuickChoice>false</QuickChoice>
			<ChoiceMode>BothWays</ChoiceMode>
			<InputByString>
				<xr:Field>Catalog.ЗначенияХарактеристикиНоменклатуры.StandardAttribute.Description</xr:Field>
				<xr:Field>Catalog.ЗначенияХарактеристикиНоменклатуры.StandardAttribute.Code</xr:Field>
			</InputByString>
			<SearchStringModeOnInputByString>Begin</SearchStringModeOnInputByString>
			<FullTextSearchOnInputByString>DontUse</FullTextSearchOnInputByString>
			<ChoiceDataGetModeOnInputByString>Directly</ChoiceDataGetModeOnInputByString>
			<DefaultObjectForm/>
			<DefaultFolderForm/>
			<DefaultListForm/>
			<DefaultChoiceForm/>
			<DefaultFolderChoiceForm/>
			<AuxiliaryObjectForm/>
			<AuxiliaryFolderForm/>
			<AuxiliaryListForm/>
			<AuxiliaryChoiceForm/>
			<AuxiliaryFolderChoiceForm/>
			<IncludeHelpInContents>false</IncludeHelpInContents>
			<BasedOn/>
			<DataLockFields/>
			<DataLockControlMode>Managed</DataLockControlMode>
			<FullTextSearch>Use</FullTextSearch>
			<ObjectPresentation/>
			<ExtendedObjectPresentation/>
			<ListPresentation/>
			<ExtendedListPresentation/>
			<Explanation/>
			<CreateOnInput>Use</CreateOnInput>
			<ChoiceHistoryOnInput>Auto</ChoiceHistoryOnInput>
			<DataHistory>DontUse</DataHistory>
			<UpdateDataHistoryImmediatelyAfterWrite>false</UpdateDataHistoryImmediatelyAfterWrite>
			<ExecuteAfterWriteDataHistoryVersionProcessing>false</ExecuteAfterWriteDataHistoryVersionProcessing>
		</Properties>
		<ChildObjects/>
	</Catalog>
</MetaDataObject>